Date,APOLLOHOSP.NS,ASIANPAINT.NS,BAJFINANCE.NS,BPCL.NS,BHARTIARTL.NS,BRITANNIA.NS,CIPLA.NS,COALINDIA.NS,DIVISLAB.NS,DRREDDY.NS,EICHERMOT.NS,GRASIM.NS,ADANIPORTS.NS,HCLTECH.NS,HDFCBANK.NS,HDFCLIFE.NS,HEROMOTOCO.NS,HINDALCO.NS,HINDUNILVR.NS,HDFC.NS,ICICIBANK.NS,ITC.NS,INDUSINDBK.NS,INFY.NS,JSWSTEEL.NS,KOTAKBANK.NS,ULTRACEMCO.NS,LT.NS,M&M.NS,TECHM.NS,MARUTI.NS,NTPC.NS,NESTLEIND.NS,ONGC.NS,TCS.NS,POWERGRID.NS,RELIANCE.NS,SBILIFE.NS,UPL.NS,SHREECEM.NS,SBIN.NS,SUNPHARMA.NS,TATAMOTORS.NS,TATASTEEL.NS,TATACONSUM.NS,TITAN.NS,AXISBANK.NS,WIPRO.NS,BAJAJ-AUTO.NS,BAJAJFINSV.NS
2022-07-15,3931.699951171875,2978.14990234375,5915.2001953125,312.1000061035156,651.7999877929688,3848.89990234375,966.0499877929688,193.39999389648438,3727.75,4546.0,3034.0,1398.199951171875,730.9000244140625,883.1500244140625,1362.050048828125,539.9000244140625,2800.050048828125,350.54998779296875,2568.5,2216.10009765625,751.2000122070312,293.54998779296875,815.0499877929688,1430.3499755859375,576.4000244140625,1787.699951171875,5807.0498046875,1684.8499755859375,1172.5,973.7999877929688,8778.0498046875,149.75,18771.5,126.55000305175781,2994.60009765625,209.3000030517578,2401.800048828125,1155.449951171875,669.3499755859375,19701.80078125,479.1000061035156,878.4000244140625,440.20001220703125,883.7999877929688,790.5499877929688,2189.699951171875,662.2000122070312,393.8500061035156,3913.35009765625,11840.25
2022-07-14,3898.050048828125,2939.14990234375,5830.85009765625,306.1499938964844,641.6500244140625,3774.14990234375,951.1500244140625,192.0,3733.800048828125,4575.39990234375,2955.10009765625,1391.800048828125,724.4500122070312,903.0,1351.050048828125,537.1500244140625,2792.800048828125,349.1000061035156,2497.800048828125,2167.39990234375,752.4000244140625,290.8500061035156,820.9000244140625,1428.8499755859375,584.0,1770.050048828125,5735.0498046875,1646.1500244140625,1142.6500244140625,975.7999877929688,8567.75,148.3000030517578,18363.30078125,127.1500015258789,2998.75,214.85000610351562,2397.14990234375,1138.949951171875,670.1500244140625,19562.69921875,479.3500061035156,879.9000244140625,428.04998779296875,908.0,765.8499755859375,2127.449951171875,668.25,401.45001220703125,3863.199951171875,11726.25
2022-07-13,3868.300048828125,2941.199951171875,5878.89990234375,310.5,643.5,3726.0,953.3499755859375,193.4499969482422,3778.800048828125,4501.60009765625,2967.39990234375,1399.1500244140625,726.75,917.75,1357.8499755859375,539.5,2843.35009765625,348.8999938964844,2497.75,2165.050048828125,753.2000122070312,294.04998779296875,819.0499877929688,1444.449951171875,588.5999755859375,1742.050048828125,5798.9501953125,1647.25,1140.3499755859375,990.0499877929688,8440.2001953125,148.60000610351562,18249.650390625,124.44999694824219,3038.75,214.4499969482422,2377.550048828125,1139.8499755859375,679.5,19736.05078125,486.5,860.1500244140625,427.1000061035156,904.8499755859375,762.5499877929688,2111.39990234375,679.9000244140625,406.70001220703125,3860.75,11770.2001953125
2022-07-12,3929.699951171875,2893.199951171875,5873.5498046875,308.6499938964844,663.0,3725.5,935.75,193.89999389648438,3687.449951171875,4483.7001953125,2954.050048828125,1380.050048828125,731.9000244140625,927.7999877929688,1391.800048828125,539.75,2875.5,346.8999938964844,2449.550048828125,2226.89990234375,759.9000244140625,292.70001220703125,847.0499877929688,1438.5999755859375,574.4500122070312,1718.949951171875,5778.85009765625,1653.75,1146.6500244140625,997.3499755859375,8419.7001953125,147.10000610351562,18125.150390625,124.0999984741211,3084.699951171875,213.5,2420.449951171875,1139.75,680.2000122070312,19962.099609375,484.95001220703125,851.5999755859375,430.54998779296875,902.0999755859375,756.4500122070312,2130.0,676.2000122070312,409.1499938964844,3847.85009765625,11864.75
2022-07-11,3933.25,2933.050048828125,5861.5,315.8999938964844,660.5499877929688,3795.39990234375,947.5499877929688,193.35000610351562,3734.10009765625,4501.0,3046.85009765625,1406.0,729.2000122070312,943.5499877929688,1406.1500244140625,546.6500244140625,2868.10009765625,356.20001220703125,2490.60009765625,2249.5,769.5,295.0,858.3499755859375,1473.1500244140625,577.2999877929688,1741.25,5854.25,1663.0,1165.050048828125,1007.5499877929688,8507.650390625,144.8000030517578,18489.400390625,125.5,3113.800048828125,217.0500030517578,2423.89990234375,1147.4000244140625,690.7999877929688,19854.150390625,488.20001220703125,857.25,437.04998779296875,912.75,765.9000244140625,2163.60009765625,679.8499755859375,411.20001220703125,3848.550048828125,11938.150390625
2022-07-08,3936.14990234375,2879.800048828125,5873.2001953125,325.29998779296875,695.1500244140625,3816.949951171875,935.4500122070312,189.8000030517578,3671.300048828125,4406.2001953125,2931.60009765625,1391.3499755859375,715.7000122070312,983.5499877929688,1397.0999755859375,545.3499755859375,2849.300048828125,357.54998779296875,2496.85009765625,2239.75,755.7000122070312,293.04998779296875,848.5999755859375,1514.449951171875,566.2000122070312,1744.75,5839.10009765625,1687.449951171875,1133.5999755859375,1026.5,8475.9501953125,143.6999969482422,18419.150390625,121.5,3265.449951171875,218.8000030517578,2391.39990234375,1146.9000244140625,690.25,19932.80078125,488.54998779296875,857.7000122070312,441.54998779296875,885.9000244140625,761.4000244140625,2144.35009765625,669.1500244140625,419.1000061035156,3825.0,12003.099609375
2022-07-07,3915.25,2891.39990234375,5860.7001953125,329.3999938964844,686.7999877929688,3810.25,935.25,186.0,3656.39990234375,4336.4501953125,2944.199951171875,1374.8499755859375,703.5999755859375,989.8499755859375,1395.800048828125,554.5999755859375,2839.449951171875,361.6499938964844,2472.949951171875,2245.550048828125,742.0,291.95001220703125,861.0,1498.699951171875,574.5999755859375,1738.5,5838.85009765625,1611.0999755859375,1133.300048828125,1020.75,8606.400390625,140.4499969482422,18204.94921875,123.5,3287.85009765625,212.5500030517578,2388.10009765625,1124.5999755859375,682.75,20014.599609375,486.75,849.4500122070312,430.8500061035156,900.0,754.8499755859375,2127.5,658.1500244140625,420.79998779296875,3795.5,11967.349609375
2022-07-06,3883.5,2861.39990234375,5916.7001953125,321.29998779296875,693.9500122070312,3830.800048828125,945.5999755859375,181.6999969482422,3644.800048828125,4390.0,2907.949951171875,1369.6500244140625,694.3499755859375,986.5999755859375,1371.25,557.4500122070312,2831.800048828125,340.95001220703125,2498.39990234375,2229.5,725.9500122070312,289.29998779296875,836.5499877929688,1491.6500244140625,554.5499877929688,1704.5,5828.0498046875,1556.1500244140625,1104.550048828125,1009.9000244140625,8630.0498046875,138.9499969482422,18388.650390625,120.94999694824219,3260.75,210.4499969482422,2411.85009765625,1116.0999755859375,662.5,19990.849609375,479.95001220703125,837.7000122070312,416.3500061035156,858.1500244140625,749.9500122070312,2013.550048828125,657.9500122070312,416.04998779296875,3773.050048828125,12028.5
2022-07-05,3817.39990234375,2766.60009765625,5661.10009765625,313.1000061035156,684.4500122070312,3656.60009765625,937.4000244140625,182.4499969482422,3610.050048828125,4394.2001953125,2805.60009765625,1349.75,678.75,982.1500244140625,1352.5999755859375,564.8499755859375,2737.25,345.25,2401.5,2202.89990234375,719.4500122070312,286.8999938964844,824.0499877929688,1475.949951171875,552.6500244140625,1663.050048828125,5729.9501953125,1564.9000244140625,1081.949951171875,1003.2000122070312,8348.7001953125,140.85000610351562,17985.0,127.4000015258789,3216.300048828125,214.14999389648438,2433.25,1111.0,656.4000244140625,19565.75,472.1499938964844,835.7999877929688,412.0,860.1500244140625,729.0499877929688,1954.25,648.5,413.6000061035156,3682.75,11524.7001953125
2022-07-04,3770.10009765625,2790.300048828125,5630.2998046875,316.3500061035156,681.9000244140625,3700.449951171875,930.6500244140625,182.0500030517578,3639.550048828125,4354.4501953125,2796.39990234375,1350.800048828125,682.0,984.5999755859375,1355.6500244140625,574.2999877929688,2760.449951171875,340.5,2375.199951171875,2216.85009765625,720.0999755859375,291.8999938964844,832.0,1488.0,551.5,1670.9000244140625,5709.0498046875,1581.699951171875,1091.199951171875,999.9500122070312,8443.349609375,141.39999389648438,17994.55078125,126.0,3235.050048828125,210.6999969482422,2413.699951171875,1117.6500244140625,654.5,19292.400390625,473.45001220703125,829.4000244140625,408.45001220703125,854.5499877929688,730.1500244140625,1962.5,654.3499755859375,420.29998779296875,3679.75,11388.2998046875
2022-07-01,3736.14990234375,2773.14990234375,5614.39990234375,318.3500061035156,673.4500122070312,3584.35009765625,949.2999877929688,183.25,3637.550048828125,4385.89990234375,2782.800048828125,1347.25,677.9000244140625,975.3499755859375,1353.75,565.4500122070312,2763.800048828125,341.1499938964844,2282.35009765625,2210.550048828125,703.9000244140625,284.3500061035156,807.2000122070312,1479.4000244140625,578.8499755859375,1667.75,5691.7001953125,1572.1500244140625,1107.3499755859375,1010.7000122070312,8402.599609375,140.64999389648438,17795.05078125,131.0500030517578,3315.10009765625,206.5,2408.699951171875,1099.8499755859375,643.5,19213.80078125,466.8500061035156,829.25,412.70001220703125,872.8499755859375,719.5499877929688,1946.199951171875,643.9500122070312,422.0,3624.60009765625,11322.5498046875
2022-06-30,3683.5,2695.199951171875,5400.5,308.3999938964844,684.9500122070312,3466.39990234375,917.2000122070312,185.60000610351562,3630.39990234375,4393.7998046875,2794.35009765625,1320.75,672.0499877929688,973.25,1348.0,550.0,2719.699951171875,338.6499938964844,2230.60009765625,2170.85009765625,707.2000122070312,273.5,794.3499755859375,1461.9000244140625,564.5,1661.0999755859375,5607.2998046875,1558.25,1093.1500244140625,1000.0,8470.75,142.89999389648438,17470.0,151.5500030517578,3267.10009765625,211.89999389648438,2595.64990234375,1081.5999755859375,632.4000244140625,19009.69921875,465.8999938964844,830.5999755859375,411.79998779296875,867.0499877929688,706.3499755859375,1941.25,636.7999877929688,416.04998779296875,3706.60009765625,10931.75
2022-06-29,3713.0,2697.800048828125,5512.7998046875,316.3999938964844,687.7999877929688,3404.14990234375,947.6500244140625,188.75,3583.35009765625,4364.35009765625,2886.60009765625,1323.25,677.7999877929688,987.5499877929688,1343.949951171875,541.25,2752.39990234375,344.1499938964844,2233.449951171875,2177.14990234375,702.75,274.04998779296875,808.7999877929688,1463.25,576.0499877929688,1642.449951171875,5618.2998046875,1547.9000244140625,1111.75,1021.0999755859375,8508.900390625,141.75,17499.05078125,154.14999389648438,3290.5,211.10000610351562,2580.14990234375,1067.6500244140625,644.4000244140625,19384.099609375,459.1000061035156,838.7000122070312,416.95001220703125,881.5999755859375,720.0,1936.1500244140625,625.5499877929688,420.75,3867.550048828125,11109.75
2022-06-28,3837.35009765625,2726.5,5576.25,318.6000061035156,681.1500244140625,3434.699951171875,945.0999755859375,186.39999389648438,3613.449951171875,4374.60009765625,2863.800048828125,1343.050048828125,678.0499877929688,1001.9500122070312,1345.9000244140625,565.9500122070312,2766.699951171875,343.54998779296875,2317.64990234375,2180.85009765625,710.2999877929688,271.8500061035156,816.5999755859375,1480.1500244140625,578.4000244140625,1668.800048828125,5572.75,1551.5,1112.0,1020.7000122070312,8489.7001953125,138.60000610351562,17403.900390625,149.35000610351562,3318.14990234375,210.3000030517578,2527.699951171875,1078.050048828125,656.0,19236.900390625,464.25,828.5999755859375,417.1000061035156,878.9000244140625,736.8499755859375,1968.050048828125,642.3499755859375,427.25,3889.0,11364.4501953125
2022-06-27,3794.5,2820.949951171875,5641.2001953125,315.0,683.9500122070312,3459.10009765625,932.3499755859375,182.0500030517578,3673.449951171875,4320.5498046875,2848.300048828125,1349.300048828125,687.75,992.3499755859375,1356.25,558.0,2755.5,329.95001220703125,2320.64990234375,2194.449951171875,717.3499755859375,269.95001220703125,823.5,1474.5999755859375,571.6500244140625,1691.550048828125,5560.25,1535.800048828125,1082.699951171875,1007.2000122070312,8448.75,138.5,17358.25,141.5,3314.699951171875,211.5500030517578,2492.64990234375,1084.550048828125,657.0999755859375,19101.5,461.20001220703125,835.6500244140625,414.5,867.8499755859375,729.4000244140625,2040.300048828125,637.0999755859375,424.8999938964844,3861.199951171875,11595.150390625
2022-06-24,3838.39990234375,2760.89990234375,5587.75,307.54998779296875,671.2000122070312,3469.35009765625,933.7000122070312,176.5500030517578,3681.0,4309.64990234375,2877.89990234375,1323.25,686.4000244140625,966.7000122070312,1353.800048828125,561.4500122070312,2759.949951171875,322.29998779296875,2303.89990234375,2189.0,713.4500122070312,265.8500061035156,806.5,1441.0999755859375,567.7999877929688,1698.4000244140625,5468.2998046875,1494.8499755859375,1072.050048828125,981.2000122070312,8363.2001953125,136.60000610351562,17231.650390625,137.35000610351562,3293.10009765625,208.9499969482422,2500.050048828125,1078.550048828125,640.8499755859375,18793.650390625,454.25,824.5999755859375,409.29998779296875,852.8499755859375,729.0,2045.5999755859375,634.0,418.75,3813.35009765625,11582.9501953125
2022-06-23,3850.5,2758.199951171875,5448.14990234375,307.8999938964844,660.2000122070312,3411.449951171875,933.3499755859375,177.14999389648438,3666.300048828125,4294.89990234375,2819.050048828125,1316.050048828125,675.2999877929688,971.25,1335.1500244140625,558.0999755859375,2674.10009765625,317.6000061035156,2252.60009765625,2164.199951171875,699.1500244140625,265.5,784.9500122070312,1452.449951171875,558.9500122070312,1684.0999755859375,5410.2998046875,1494.300048828125,1027.699951171875,991.0999755859375,8271.0,136.5,16976.30078125,134.8000030517578,3308.800048828125,208.5500030517578,2464.949951171875,1073.8499755859375,633.2000122070312,18533.599609375,451.3999938964844,824.9000244140625,407.20001220703125,841.2999877929688,718.4500122070312,2041.4000244140625,629.3499755859375,419.04998779296875,3784.800048828125,11552.849609375
2022-06-22,3787.75,2666.35009765625,5439.60009765625,305.8999938964844,642.8499755859375,3403.64990234375,916.9000244140625,179.35000610351562,3599.60009765625,4260.89990234375,2662.75,1324.9000244140625,668.2999877929688,961.2999877929688,1330.25,551.7999877929688,2524.449951171875,316.45001220703125,2202.85009765625,2159.25,686.5999755859375,265.29998779296875,777.6500244140625,1437.25,550.4000244140625,1669.699951171875,5409.9501953125,1478.75,983.7999877929688,980.0,7782.75,137.64999389648438,16775.150390625,134.85000610351562,3222.949951171875,210.64999389648438,2505.60009765625,1070.449951171875,613.6500244140625,18496.75,447.6499938964844,809.2999877929688,393.1000061035156,838.0999755859375,708.9500122070312,2031.199951171875,626.7999877929688,411.25,3635.64990234375,11435.5498046875
2022-06-21,3808.199951171875,2678.35009765625,5549.14990234375,301.20001220703125,654.2999877929688,3429.300048828125,938.2000122070312,184.8000030517578,3599.5,4268.64990234375,2702.800048828125,1334.0999755859375,689.0999755859375,986.5999755859375,1336.550048828125,564.4500122070312,2499.199951171875,339.25,2205.0,2174.699951171875,696.0999755859375,269.8999938964844,798.8499755859375,1449.9000244140625,576.2000122070312,1681.5,5418.89990234375,1500.300048828125,997.9500122070312,1000.0999755859375,7780.60009765625,139.9499969482422,16971.80078125,139.10000610351562,3211.949951171875,210.35000610351562,2584.10009765625,1096.3499755859375,654.2000122070312,18551.349609375,450.75,817.4500122070312,397.6000061035156,884.7999877929688,727.25,2078.10009765625,636.5,425.1499938964844,3645.25,11749.900390625
2022-06-20,3811.699951171875,2660.699951171875,5470.4501953125,296.04998779296875,640.9000244140625,3378.60009765625,925.8499755859375,176.85000610351562,3533.550048828125,4151.7998046875,2623.25,1316.0,663.1500244140625,960.0499877929688,1322.1500244140625,553.1500244140625,2452.550048828125,321.5,2195.89990234375,2135.25,685.9500122070312,264.1000061035156,784.0499877929688,1414.1500244140625,550.3499755859375,1679.199951171875,5333.2998046875,1471.800048828125,982.7000122070312,979.3499755859375,7660.9501953125,137.25,16967.099609375,134.39999389648438,3112.39990234375,208.25,2543.050048828125,1075.949951171875,640.4500122070312,18414.0,434.70001220703125,805.2999877929688,382.70001220703125,861.4000244140625,716.8499755859375,1961.699951171875,628.2999877929688,414.6499938964844,3615.949951171875,11709.650390625
2022-06-17,3701.25,2580.199951171875,5419.5498046875,301.0,643.6500244140625,3332.10009765625,914.75,182.64999389648438,3481.949951171875,4146.7001953125,2604.800048828125,1290.050048828125,668.9500122070312,958.75,1289.75,550.7999877929688,2467.39990234375,333.70001220703125,2110.449951171875,2052.699951171875,686.8499755859375,263.29998779296875,806.9000244140625,1387.300048828125,554.5999755859375,1673.5999755859375,5177.2998046875,1489.949951171875,997.6500244140625,965.0499877929688,7688.14990234375,140.4499969482422,16642.400390625,141.4499969482422,3088.89990234375,211.35000610351562,2590.0,1082.0999755859375,665.1500244140625,18045.75,441.0,793.4000244140625,388.95001220703125,906.7000122070312,711.6500244140625,1936.449951171875,635.2000122070312,405.20001220703125,3628.949951171875,11754.849609375
2022-06-16,3663.64990234375,2657.449951171875,5283.89990234375,311.6499938964844,654.2000122070312,3390.39990234375,940.9500122070312,179.89999389648438,3564.89990234375,4287.5,2652.5,1285.050048828125,681.7000122070312,964.9500122070312,1281.300048828125,570.5499877929688,2519.050048828125,336.1000061035156,2146.699951171875,2056.5,678.5,260.70001220703125,809.5999755859375,1397.199951171875,545.8499755859375,1675.800048828125,5305.25,1527.4000244140625,1005.25,975.2999877929688,7833.60009765625,142.9499969482422,16874.0,143.5500030517578,3142.0,216.35000610351562,2560.0,1105.1500244140625,683.6500244140625,18711.849609375,441.6000061035156,814.5999755859375,392.95001220703125,901.7000122070312,724.9500122070312,2060.949951171875,634.9000244140625,422.29998779296875,3658.199951171875,11471.900390625
2022-06-15,3722.699951171875,2661.14990234375,5484.9501953125,314.0,682.0999755859375,3385.39990234375,968.7999877929688,190.0500030517578,3581.10009765625,4335.5,2720.10009765625,1331.699951171875,703.75,989.9000244140625,1307.449951171875,579.75,2605.300048828125,357.5,2146.550048828125,2105.449951171875,687.25,263.3999938964844,843.2999877929688,1422.199951171875,563.0,1736.6500244140625,5454.14990234375,1560.3499755859375,1025.5,1020.0499877929688,7853.4501953125,148.14999389648438,16802.30078125,151.39999389648438,3206.300048828125,222.25,2596.300048828125,1125.75,712.1500244140625,19314.19921875,451.3500061035156,822.2999877929688,414.1000061035156,959.5499877929688,737.75,2105.050048828125,650.5,440.1000061035156,3698.10009765625,11809.7001953125
2022-06-14,3706.199951171875,2635.39990234375,5375.75,314.29998779296875,682.0499877929688,3382.85009765625,964.7000122070312,192.1999969482422,3525.64990234375,4311.0498046875,2722.75,1309.3499755859375,704.7000122070312,996.9000244140625,1312.0,572.4000244140625,2557.60009765625,358.29998779296875,2171.0,2109.5,685.5,265.45001220703125,844.2000122070312,1440.550048828125,561.9000244140625,1739.699951171875,5428.60009765625,1544.6500244140625,1019.25,1030.1500244140625,7811.64990234375,151.39999389648438,16871.44921875,155.9499969482422,3210.550048828125,223.9499969482422,2628.10009765625,1132.0999755859375,715.7000122070312,19208.849609375,448.1000061035156,825.0499877929688,405.1499938964844,996.1500244140625,735.8499755859375,2102.0,650.75,445.8999938964844,3681.75,11336.5
2022-06-13,3651.89990234375,2660.75,5358.25,317.95001220703125,671.2999877929688,3359.0,954.75,191.0500030517578,3474.14990234375,4267.2001953125,2700.800048828125,1292.550048828125,695.25,991.7999877929688,1326.5999755859375,582.0,2598.800048828125,366.45001220703125,2196.89990234375,2128.449951171875,688.0,264.6499938964844,865.4500122070312,1424.5,564.0,1737.3499755859375,5356.14990234375,1532.050048828125,1004.2999877929688,1051.949951171875,7901.60009765625,148.89999389648438,16854.44921875,159.5500030517578,3219.60009765625,222.35000610351562,2662.89990234375,1133.699951171875,726.4000244140625,19135.650390625,445.8500061035156,829.5,406.70001220703125,991.9500122070312,735.9500122070312,2102.39990234375,648.9500122070312,446.1000061035156,3881.25,11386.0498046875
2022-06-10,3700.5,2708.75,5667.5,331.0,673.3499755859375,3360.85009765625,966.7999877929688,198.5,3528.050048828125,4351.5498046875,2712.85009765625,1326.5,726.4000244140625,1015.3499755859375,1351.0999755859375,593.0999755859375,2601.949951171875,385.75,2199.89990234375,2179.800048828125,720.0,270.1499938964844,913.2000122070312,1476.800048828125,572.5,1791.800048828125,5511.0498046875,1585.0999755859375,1036.5,1109.8499755859375,7935.10009765625,155.25,16774.900390625,164.64999389648438,3359.89990234375,224.4499969482422,2714.25,1154.9000244140625,734.4000244140625,19178.849609375,461.8500061035156,845.7000122070312,428.04998779296875,1023.7000122070312,756.5999755859375,2142.25,660.7000122070312,460.95001220703125,3881.0,12253.5
2022-06-09,3670.050048828125,2686.800048828125,5898.5498046875,332.8500061035156,676.3499755859375,3347.25,971.9500122070312,198.75,3507.199951171875,4322.89990234375,2716.0,1309.0999755859375,735.5,1028.6500244140625,1377.699951171875,604.9000244140625,2598.10009765625,399.75,2197.699951171875,2265.449951171875,732.75,270.8500061035156,920.2999877929688,1515.0,572.2000122070312,1865.199951171875,5481.89990234375,1595.0999755859375,1045.0999755859375,1138.5999755859375,7929.85009765625,155.14999389648438,16768.150390625,165.5500030517578,3427.10009765625,224.85000610351562,2798.75,1163.699951171875,747.2999877929688,19198.0,466.95001220703125,858.8499755859375,428.5,1044.8499755859375,754.4000244140625,2139.699951171875,661.2999877929688,475.04998779296875,3878.64990234375,12471.0
2022-06-08,3636.199951171875,2705.199951171875,5954.2998046875,323.8999938964844,663.2999877929688,3361.5,962.9500122070312,197.64999389648438,3495.300048828125,4199.14990234375,2649.14990234375,1328.75,728.5999755859375,1030.199951171875,1367.4000244140625,599.9500122070312,2585.949951171875,403.5,2197.050048828125,2258.64990234375,729.5,267.8999938964844,913.7000122070312,1500.0,576.1500244140625,1845.5,5531.85009765625,1584.550048828125,1045.0,1124.199951171875,7892.4501953125,157.0500030517578,16723.75,163.39999389648438,3404.14990234375,224.5500030517578,2724.050048828125,1136.050048828125,735.1500244140625,19583.75,471.29998779296875,847.25,435.6499938964844,1086.75,757.1500244140625,2128.85009765625,658.5999755859375,470.3999938964844,3794.14990234375,12465.0
2022-06-07,3609.300048828125,2744.699951171875,5878.60009765625,320.25,685.2999877929688,3383.449951171875,972.75,197.5500030517578,3501.25,4143.9501953125,2647.89990234375,1326.6500244140625,734.5499877929688,1022.9000244140625,1362.5999755859375,605.2999877929688,2570.85009765625,404.20001220703125,2211.60009765625,2259.5,735.25,273.8999938964844,923.7000122070312,1506.699951171875,572.0999755859375,1858.1500244140625,5555.2001953125,1589.449951171875,1042.550048828125,1130.300048828125,7809.39990234375,157.25,16746.900390625,161.85000610351562,3362.699951171875,225.0,2772.75,1134.300048828125,746.2000122070312,19785.400390625,463.3999938964844,848.25,435.8500061035156,1068.5,756.5999755859375,2100.800048828125,665.8499755859375,467.6499938964844,3834.10009765625,12338.7001953125
2022-06-06,3633.699951171875,2817.449951171875,6021.0,319.3500061035156,682.9500122070312,3491.949951171875,976.0499877929688,194.85000610351562,3499.64990234375,4305.75,2653.10009765625,1326.699951171875,741.25,1037.300048828125,1378.449951171875,606.0999755859375,2540.75,409.1499938964844,2280.5,2274.0,746.75,274.79998779296875,928.75,1530.050048828125,579.0,1869.300048828125,5581.35009765625,1640.199951171875,1035.949951171875,1144.199951171875,7710.5498046875,155.1999969482422,16996.900390625,153.9499969482422,3430.949951171875,224.8000030517578,2767.550048828125,1142.0,779.0,20002.69921875,463.70001220703125,859.7999877929688,432.3500061035156,1078.0999755859375,763.6500244140625,2198.550048828125,672.2000122070312,473.20001220703125,3817.0,12516.400390625
2022-06-03,3588.800048828125,2886.89990234375,6028.2001953125,328.1499938964844,686.5,3530.0,960.9500122070312,197.0,3478.300048828125,4340.0,2685.25,1339.449951171875,739.9000244140625,1043.0,1380.300048828125,602.7000122070312,2583.75,406.75,2291.949951171875,2277.35009765625,744.2999877929688,272.70001220703125,924.2999877929688,1521.699951171875,562.4500122070312,1858.6500244140625,5678.85009765625,1652.050048828125,1028.6500244140625,1147.9000244140625,7705.0498046875,155.0,17171.0,151.60000610351562,3440.14990234375,226.0,2779.5,1141.1500244140625,769.6500244140625,20638.0,464.5,865.0999755859375,431.8999938964844,1067.300048828125,753.9000244140625,2204.39990234375,677.2999877929688,475.5,3672.699951171875,12691.599609375
2022-06-02,3645.25,2908.550048828125,6057.85009765625,329.3500061035156,695.9500122070312,3577.050048828125,987.0999755859375,198.1999969482422,3524.35009765625,4333.14990234375,2723.550048828125,1432.550048828125,748.4500122070312,1039.699951171875,1385.0999755859375,607.9000244140625,2663.10009765625,409.8999938964844,2284.800048828125,2289.60009765625,749.75,273.5,942.9500122070312,1508.0,573.4000244140625,1857.6500244140625,6007.85009765625,1637.1500244140625,1044.550048828125,1146.0,7925.39990234375,159.0500030517578,17393.80078125,152.4499969482422,3423.0,225.5500030517578,2724.300048828125,1143.75,775.3499755859375,21634.75,469.8500061035156,859.5499877929688,439.1499938964844,1081.550048828125,758.25,2220.949951171875,691.5499877929688,474.1499938964844,3688.699951171875,12936.0
2022-06-01,3839.0,2852.5,6010.14990234375,326.0,694.6500244140625,3551.300048828125,983.5499877929688,196.0500030517578,3555.14990234375,4319.0,2771.699951171875,1436.550048828125,736.9000244140625,1017.9000244140625,1394.8499755859375,607.1500244140625,2757.60009765625,410.6499938964844,2308.449951171875,2329.89990234375,752.6500244140625,271.8500061035156,928.3499755859375,1478.550048828125,569.5,1865.0999755859375,5975.64990234375,1648.0,1047.3499755859375,1146.5999755859375,7939.39990234375,156.8000030517578,17241.55078125,149.75,3355.199951171875,229.1999969482422,2633.5,1152.75,779.75,21791.5,468.29998779296875,839.25,444.6000061035156,1063.550048828125,761.0999755859375,2197.60009765625,686.0499877929688,470.75,3720.10009765625,12596.599609375
2022-05-31,3979.300048828125,2859.64990234375,6082.14990234375,326.20001220703125,700.2000122070312,3647.800048828125,992.9500122070312,192.89999389648438,3591.300048828125,4369.64990234375,2780.75,1428.5999755859375,739.8499755859375,1040.75,1388.949951171875,598.9500122070312,2773.89990234375,422.54998779296875,2353.25,2306.75,752.8499755859375,270.6499938964844,930.8499755859375,1503.5999755859375,551.25,1846.8499755859375,6082.60009765625,1654.5,1034.3499755859375,1180.25,7966.35009765625,156.0,17691.5,151.25,3364.35009765625,232.89999389648438,2632.64990234375,1174.1500244140625,779.5999755859375,22116.30078125,468.1000061035156,860.5999755859375,443.54998779296875,1055.6500244140625,759.75,2216.0,685.2000122070312,478.04998779296875,3864.10009765625,12934.0
2022-05-30,3891.949951171875,2844.0,6111.2001953125,329.1499938964844,699.0499877929688,3576.25,986.7999877929688,187.1999969482422,3566.5,4370.2998046875,2758.449951171875,1441.0,734.7000122070312,1039.9000244140625,1401.550048828125,608.9000244140625,2770.550048828125,416.75,2348.949951171875,2367.25,748.5,269.04998779296875,936.2000122070312,1526.800048828125,538.8499755859375,1903.199951171875,6102.64990234375,1660.8499755859375,998.3499755859375,1164.0,8013.89990234375,150.89999389648438,17706.900390625,144.0500030517578,3375.25,228.25,2664.800048828125,1148.4000244140625,782.5499877929688,22460.400390625,474.6000061035156,888.2999877929688,442.3999938964844,1047.449951171875,750.1500244140625,2255.89990234375,693.6500244140625,476.25,3856.699951171875,12924.0498046875
2022-05-27,3861.75,2834.85009765625,5993.5,322.3500061035156,684.4000244140625,3557.60009765625,966.3499755859375,181.85000610351562,3514.699951171875,4390.5,2742.10009765625,1396.699951171875,703.0999755859375,1003.9000244140625,1392.050048828125,598.0999755859375,2719.800048828125,409.1499938964844,2330.60009765625,2330.39990234375,739.7999877929688,269.20001220703125,925.4000244140625,1461.3499755859375,548.4000244140625,1946.199951171875,5948.0,1600.300048828125,952.8499755859375,1123.25,7942.9501953125,150.4499969482422,17641.05078125,143.8000030517578,3261.300048828125,224.6999969482422,2575.10009765625,1121.0999755859375,756.5999755859375,21927.05078125,468.95001220703125,903.9000244140625,429.6000061035156,1043.5,725.4500122070312,2149.199951171875,688.2999877929688,466.95001220703125,3833.050048828125,12758.400390625
2022-05-26,3662.800048828125,2840.14990234375,5817.7998046875,324.3500061035156,693.6500244140625,3560.949951171875,964.5499877929688,183.25,3448.699951171875,4304.14990234375,2725.10009765625,1392.550048828125,701.5,980.7000122070312,1366.699951171875,578.0499877929688,2636.449951171875,407.8500061035156,2280.199951171875,2287.75,728.5,266.70001220703125,897.5999755859375,1423.949951171875,551.7000122070312,1908.6500244140625,5874.25,1564.550048828125,929.7999877929688,1078.5999755859375,7805.0,154.14999389648438,17652.5,151.89999389648438,3226.949951171875,227.1999969482422,2587.10009765625,1105.3499755859375,747.4500122070312,21691.19921875,468.8999938964844,899.9500122070312,420.6499938964844,1052.0,722.25,2141.949951171875,683.25,453.3500061035156,3857.35009765625,12477.75
2022-05-25,3524.300048828125,2838.050048828125,5827.39990234375,326.1499938964844,688.2000122070312,3516.5,971.8499755859375,180.6999969482422,3519.35009765625,4307.4501953125,2686.14990234375,1375.550048828125,707.9000244140625,974.4500122070312,1328.800048828125,569.0999755859375,2594.699951171875,396.8500061035156,2298.699951171875,2237.449951171875,713.3499755859375,272.70001220703125,893.3499755859375,1410.449951171875,528.4500122070312,1907.550048828125,5792.2001953125,1574.75,928.4000244140625,1060.1500244140625,7787.25,152.64999389648438,17283.75,152.60000610351562,3167.64990234375,224.85000610351562,2612.0,1096.0,764.0,21253.80078125,454.1000061035156,911.2000122070312,417.0,999.0999755859375,716.2000122070312,2113.39990234375,665.0,444.8500061035156,3791.800048828125,12406.0498046875
2022-05-24,3631.64990234375,3086.85009765625,5798.7998046875,330.1000061035156,678.2000122070312,3470.449951171875,970.4000244140625,182.35000610351562,3661.699951171875,4347.10009765625,2719.300048828125,1402.75,752.1500244140625,991.75,1318.949951171875,552.9000244140625,2637.0,400.79998779296875,2309.64990234375,2206.800048828125,708.1500244140625,270.8500061035156,897.9500122070312,1441.0,539.7000122070312,1882.5999755859375,5868.0498046875,1626.300048828125,946.8499755859375,1098.3499755859375,7802.64990234375,146.89999389648438,17187.099609375,150.64999389648438,3288.0,227.0,2615.85009765625,1073.4000244140625,792.5499877929688,21647.400390625,462.04998779296875,909.9000244140625,425.75,1006.3499755859375,715.1500244140625,2140.25,664.0499877929688,459.95001220703125,3783.300048828125,12357.2998046875
2022-05-23,3716.949951171875,3174.199951171875,5794.0,332.1000061035156,685.8499755859375,3487.050048828125,970.0499877929688,184.3000030517578,3897.89990234375,4274.9501953125,2741.300048828125,1457.4000244140625,753.5499877929688,1018.2999877929688,1304.0,551.1500244140625,2624.699951171875,413.1499938964844,2379.800048828125,2175.949951171875,711.0499877929688,274.5,902.4000244140625,1468.4000244140625,547.5499877929688,1854.300048828125,5916.2998046875,1644.1500244140625,941.9000244140625,1142.9000244140625,7897.4501953125,150.14999389648438,16994.30078125,155.10000610351562,3321.75,224.60000610351562,2606.89990234375,1076.5,791.25,21941.69921875,460.8999938964844,922.0499877929688,421.45001220703125,1022.9500122070312,729.7000122070312,2151.300048828125,675.3499755859375,466.0,3786.14990234375,12572.900390625
2022-05-20,3668.0,3109.949951171875,5769.60009765625,332.79998779296875,687.9000244140625,3450.25,978.4000244140625,185.9499969482422,4304.7998046875,4249.10009765625,2707.800048828125,1488.3499755859375,767.5499877929688,1028.8499755859375,1320.949951171875,544.7000122070312,2590.14990234375,429.1000061035156,2325.949951171875,2201.60009765625,709.5499877929688,280.0,896.5,1455.1500244140625,631.0999755859375,1829.1500244140625,6128.64990234375,1610.0999755859375,903.7999877929688,1130.9000244140625,7586.60009765625,149.60000610351562,16862.0,161.89999389648438,3293.0,229.0500030517578,2624.449951171875,1071.3499755859375,808.25,22001.19921875,462.3999938964844,915.6500244140625,418.0,1170.5999755859375,739.5999755859375,2137.050048828125,673.0999755859375,459.6000061035156,3787.800048828125,12561.7001953125
2022-05-19,3631.800048828125,3046.89990234375,5707.0,326.6499938964844,674.25,3332.050048828125,938.0,181.1999969482422,4199.2001953125,3929.449951171875,2650.5,1457.800048828125,732.7999877929688,1009.4000244140625,1287.050048828125,528.7000122070312,2515.5,417.0,2264.550048828125,2136.300048828125,690.2999877929688,275.6499938964844,866.25,1427.1500244140625,600.2000122070312,1783.4000244140625,6072.60009765625,1547.949951171875,882.5499877929688,1108.3499755859375,7404.5498046875,148.0,16094.25,160.0,3261.949951171875,228.3000030517578,2479.85009765625,1056.6500244140625,814.0,22216.349609375,447.5,884.5999755859375,398.6499938964844,1122.1500244140625,721.2999877929688,2111.949951171875,650.2000122070312,451.1499938964844,3698.550048828125,12413.849609375
2022-05-18,3735.0,3100.10009765625,5815.2001953125,331.8999938964844,696.1500244140625,3394.35009765625,957.0999755859375,185.5500030517578,4366.7001953125,3905.800048828125,2696.0,1487.3499755859375,759.7999877929688,1073.699951171875,1313.9000244140625,550.0,2539.0,436.1000061035156,2291.39990234375,2184.550048828125,707.3499755859375,266.79998779296875,903.1500244140625,1509.199951171875,631.0499877929688,1846.800048828125,6233.75,1572.5,913.2999877929688,1172.050048828125,7566.5498046875,148.5,16343.599609375,163.1999969482422,3448.800048828125,227.89999389648438,2538.35009765625,1073.9000244140625,821.0999755859375,22501.30078125,458.0,899.1500244140625,415.1499938964844,1180.25,754.2999877929688,2166.75,659.4500122070312,481.25,3791.199951171875,12762.150390625
2022-05-17,3813.14990234375,3050.0,5837.2998046875,342.45001220703125,707.0499877929688,3368.85009765625,938.0,184.5500030517578,4303.35009765625,3904.0,2706.699951171875,1481.4000244140625,744.75,1082.9000244140625,1314.0,554.8499755859375,2523.5,428.3999938964844,2245.0,2190.550048828125,710.0,264.70001220703125,903.8499755859375,1518.449951171875,641.8499755859375,1840.300048828125,6107.75,1604.0999755859375,910.7999877929688,1198.199951171875,7532.7998046875,150.5,16323.400390625,163.14999389648438,3451.60009765625,238.64999389648438,2529.14990234375,1070.4000244140625,817.3499755859375,22035.80078125,467.29998779296875,891.75,424.1499938964844,1188.699951171875,734.25,2176.35009765625,654.9500122070312,486.6499938964844,3742.89990234375,12972.099609375
2022-05-16,3686.75,2999.89990234375,5645.39990234375,336.1000061035156,693.2000122070312,3284.89990234375,933.4000244140625,171.6999969482422,4218.10009765625,3888.39990234375,2617.949951171875,1452.25,712.5,1044.550048828125,1305.0999755859375,549.7000122070312,2495.89990234375,390.95001220703125,2217.25,2172.10009765625,683.0,254.10000610351562,885.9000244140625,1489.0999755859375,602.2999877929688,1812.8499755859375,6012.7998046875,1542.9000244140625,903.3499755859375,1189.050048828125,7247.60009765625,148.25,16218.849609375,153.5,3376.800048828125,235.1999969482422,2427.199951171875,1044.6500244140625,802.25,21980.849609375,455.0,885.5999755859375,405.3500061035156,1103.5,735.5,2109.60009765625,638.9500122070312,468.0,3715.85009765625,12655.25
2022-05-13,3547.800048828125,3064.0,5515.75,336.95001220703125,689.9000244140625,3278.5,934.5999755859375,168.6999969482422,4281.10009765625,3924.300048828125,2432.64990234375,1475.0999755859375,705.9000244140625,1052.1500244140625,1291.3499755859375,550.75,2449.14990234375,388.0,2194.10009765625,2132.949951171875,677.3499755859375,258.6000061035156,872.3499755859375,1504.4000244140625,600.4500122070312,1779.550048828125,6196.5498046875,1534.5,889.5,1202.8499755859375,7101.9501953125,144.14999389648438,16402.94921875,153.5500030517578,3414.89990234375,236.3000030517578,2426.60009765625,1044.949951171875,781.5499877929688,22565.349609375,444.6499938964844,882.5,404.29998779296875,1097.0,737.5999755859375,2091.699951171875,635.9500122070312,468.6499938964844,3642.10009765625,12608.2998046875
2022-05-12,3580.85009765625,3039.949951171875,5593.39990234375,339.95001220703125,705.4000244140625,3216.85009765625,920.75,167.0500030517578,4233.39990234375,3880.0,2384.64990234375,1485.8499755859375,713.2999877929688,1059.4000244140625,1303.050048828125,547.25,2401.199951171875,405.8500061035156,2138.800048828125,2150.449951171875,695.7999877929688,252.89999389648438,869.9000244140625,1508.800048828125,624.7999877929688,1760.9000244140625,6185.4501953125,1526.1500244140625,865.25,1212.800048828125,7253.64990234375,148.5500030517578,16220.0,156.5,3408.64990234375,235.89999389648438,2399.39990234375,1060.5999755859375,764.9500122070312,22627.400390625,462.6499938964844,850.0,372.29998779296875,1117.699951171875,738.0499877929688,2048.550048828125,649.6500244140625,473.79998779296875,3585.0,12850.7001953125
2022-05-11,3679.64990234375,3053.64990234375,5807.0,347.1000061035156,722.8499755859375,3259.85009765625,937.5999755859375,169.85000610351562,4293.7998046875,3884.050048828125,2389.14990234375,1535.3499755859375,759.9000244140625,1060.9000244140625,1348.5999755859375,563.5499877929688,2470.300048828125,422.54998779296875,2163.5,2219.10009765625,714.2000122070312,255.64999389648438,923.3499755859375,1526.75,648.9500122070312,1809.949951171875,6340.2001953125,1570.800048828125,887.0499877929688,1224.449951171875,7396.4501953125,152.5500030517578,16512.400390625,158.60000610351562,3412.0,239.1999969482422,2449.300048828125,1087.1500244140625,792.1500244140625,23382.30078125,476.54998779296875,854.7999877929688,388.1499938964844,1165.699951171875,744.0999755859375,2114.699951171875,672.3499755859375,471.8999938964844,3612.85009765625,13329.7998046875
2022-05-10,3686.89990234375,3086.35009765625,5928.4501953125,353.45001220703125,719.6500244140625,3246.550048828125,926.1500244140625,170.0500030517578,4296.35009765625,3914.0,2415.550048828125,1542.0999755859375,769.0999755859375,1072.550048828125,1341.050048828125,559.2000122070312,2469.75,423.0,2180.39990234375,2201.300048828125,711.2999877929688,259.75,910.75,1553.0,645.2999877929688,1797.1500244140625,6366.4501953125,1607.949951171875,888.3499755859375,1242.300048828125,7515.89990234375,155.4499969482422,16520.599609375,154.4499969482422,3438.75,243.64999389648438,2474.64990234375,1081.050048828125,789.7999877929688,24300.599609375,475.20001220703125,861.8499755859375,391.75,1164.9000244140625,745.7999877929688,2137.35009765625,659.75,477.6499938964844,3593.050048828125,13630.099609375
2022-05-09,3766.35009765625,3005.25,6036.9501953125,353.3999938964844,711.5,3252.050048828125,938.2999877929688,183.0500030517578,4231.10009765625,3905.800048828125,2344.300048828125,1551.75,792.5999755859375,1076.0999755859375,1319.8499755859375,563.8499755859375,2492.75,444.1000061035156,2116.64990234375,2168.300048828125,710.3499755859375,262.95001220703125,889.7000122070312,1570.3499755859375,678.3499755859375,1767.5,6224.60009765625,1616.1500244140625,895.2999877929688,1261.1500244140625,7360.2998046875,159.0,16504.349609375,164.75,3445.10009765625,245.14999389648438,2518.300048828125,1064.449951171875,777.5999755859375,24058.30078125,475.8999938964844,885.4000244140625,403.95001220703125,1252.25,758.25,2183.199951171875,663.7000122070312,483.1499938964844,3568.75,13783.849609375
2022-05-06,3827.35009765625,3016.25,6000.2998046875,357.29998779296875,710.25,3307.800048828125,934.75,187.39999389648438,4165.85009765625,3930.64990234375,2362.449951171875,1565.5999755859375,811.4000244140625,1050.199951171875,1317.5999755859375,565.9500122070312,2563.35009765625,443.75,2149.199951171875,2150.64990234375,719.25,266.6499938964844,915.4000244140625,1542.8499755859375,690.4000244140625,1775.300048828125,6200.2001953125,1622.449951171875,893.8499755859375,1290.75,7279.25,159.0,16995.44921875,166.9499969482422,3432.60009765625,238.39999389648438,2620.64990234375,1059.1500244140625,786.8499755859375,23973.650390625,483.95001220703125,883.2999877929688,408.54998779296875,1283.699951171875,764.9500122070312,2208.75,673.4000244140625,485.1000061035156,3499.75,13640.5
2022-05-05,3949.10009765625,3076.550048828125,6309.4501953125,361.0,718.9500122070312,3277.0,948.4000244140625,185.85000610351562,4365.7998046875,3963.800048828125,2433.550048828125,1606.9000244140625,811.3499755859375,1072.050048828125,1352.949951171875,569.75,2501.64990234375,461.6000061035156,2166.60009765625,2215.39990234375,728.7999877929688,262.04998779296875,936.7999877929688,1585.1500244140625,707.75,1797.5999755859375,6355.7001953125,1637.6500244140625,899.0499877929688,1263.3499755859375,7407.64990234375,158.39999389648438,17603.75,164.85000610351562,3513.39990234375,233.75,2640.89990234375,1083.6500244140625,823.25,25088.650390625,480.0,878.1500244140625,426.29998779296875,1284.25,776.3499755859375,2262.0,702.3499755859375,501.1499938964844,3523.89990234375,14139.25
2022-05-04,4013.300048828125,3100.85009765625,6339.75,363.45001220703125,722.4000244140625,3385.449951171875,957.5499877929688,187.35000610351562,4344.14990234375,3992.35009765625,2483.199951171875,1622.25,812.7999877929688,1044.949951171875,1356.0,567.5999755859375,2409.5,461.6499938964844,2171.550048828125,2206.949951171875,724.25,259.75,978.2999877929688,1535.550048828125,711.5499877929688,1775.5999755859375,6521.9501953125,1633.949951171875,896.0999755859375,1212.800048828125,7397.89990234375,158.64999389648438,18087.75,162.25,3479.75,237.60000610351562,2693.64990234375,1077.8499755859375,824.2000122070312,25193.5,479.6499938964844,900.9000244140625,423.5,1261.3499755859375,803.2999877929688,2289.949951171875,707.2000122070312,491.75,3496.89990234375,14322.4501953125
2022-05-02,4304.75,3200.0,6626.14990234375,366.45001220703125,741.3499755859375,3271.300048828125,976.5999755859375,187.64999389648438,4509.64990234375,4123.89990234375,2552.5,1679.550048828125,856.5499877929688,1066.9000244140625,1403.699951171875,579.8499755859375,2487.300048828125,484.3999938964844,2230.5,2264.0,741.0,263.1499938964844,1018.0999755859375,1541.0,731.9500122070312,1774.3499755859375,6679.0,1679.449951171875,921.3499755859375,1231.199951171875,7634.75,157.5,18440.55078125,156.35000610351562,3542.39990234375,231.5500030517578,2780.449951171875,1081.050048828125,830.25,26230.19921875,491.0,923.4000244140625,432.8500061035156,1295.199951171875,824.4000244140625,2386.550048828125,727.3499755859375,495.0,3623.449951171875,14957.4501953125
2022-04-29,4454.35009765625,3237.199951171875,6671.7998046875,362.6000061035156,739.0,3279.25,981.2000122070312,182.85000610351562,4505.39990234375,4131.9501953125,2630.35009765625,1692.300048828125,856.4000244140625,1079.25,1384.5999755859375,582.4000244140625,2506.64990234375,482.6499938964844,2234.85009765625,2229.699951171875,743.2999877929688,259.54998779296875,978.5499877929688,1567.550048828125,727.1500244140625,1790.75,6630.25,1694.3499755859375,922.0999755859375,1259.0,7717.7998046875,156.1999969482422,18330.30078125,160.4499969482422,3546.699951171875,227.75,2790.25,1105.5,822.9000244140625,25921.5,496.29998779296875,928.6500244140625,437.6000061035156,1271.050048828125,823.75,2458.199951171875,728.5999755859375,508.79998779296875,3729.550048828125,14911.150390625
2022-04-28,4537.85009765625,3247.699951171875,6727.64990234375,369.3500061035156,747.3499755859375,3357.89990234375,981.2000122070312,190.25,4564.60009765625,4122.14990234375,2679.949951171875,1711.9000244140625,887.0999755859375,1092.5,1371.3499755859375,571.4000244140625,2517.300048828125,488.6000061035156,2241.85009765625,2224.0,747.1500244140625,261.1000061035156,988.3499755859375,1582.5999755859375,729.0999755859375,1765.6500244140625,6616.9501953125,1719.25,922.9000244140625,1271.300048828125,7888.14990234375,159.6999969482422,18427.69921875,164.8000030517578,3584.300048828125,235.60000610351562,2819.85009765625,1116.8499755859375,824.2999877929688,25872.599609375,507.5,921.0,436.04998779296875,1260.8499755859375,811.6500244140625,2513.199951171875,779.7999877929688,522.5499877929688,3834.39990234375,15011.849609375
2022-04-27,4522.9501953125,3148.35009765625,6714.10009765625,366.5,752.5,3338.25,977.75,187.5,4530.60009765625,4077.050048828125,2655.449951171875,1700.199951171875,887.2999877929688,1095.5999755859375,1372.550048828125,547.6500244140625,2500.0,492.29998779296875,2145.10009765625,2218.699951171875,736.7000122070312,257.5,974.5,1552.800048828125,720.5999755859375,1741.5,6548.4501953125,1677.050048828125,926.8499755859375,1261.25,7788.39990234375,155.64999389648438,18223.0,164.85000610351562,3561.199951171875,229.3000030517578,2778.35009765625,1074.199951171875,798.4000244140625,25574.80078125,497.25,906.0999755859375,430.25,1246.699951171875,798.5999755859375,2492.35009765625,765.9000244140625,518.9500122070312,3905.64990234375,14826.400390625
2022-04-26,4624.0498046875,3125.64990234375,7240.5498046875,372.8500061035156,756.2999877929688,3372.699951171875,978.4000244140625,191.39999389648438,4519.60009765625,4154.5498046875,2649.300048828125,1718.0,909.5,1094.300048828125,1372.050048828125,549.8499755859375,2407.25,493.45001220703125,2148.35009765625,2230.199951171875,753.75,258.95001220703125,980.4500122070312,1581.0,721.2000122070312,1742.699951171875,6660.2001953125,1699.949951171875,940.1500244140625,1275.449951171875,7906.75,157.0,18415.75,166.9499969482422,3546.300048828125,231.60000610351562,2775.64990234375,1094.8499755859375,812.3499755859375,26171.30078125,505.5,918.0499877929688,434.8999938964844,1233.5999755859375,822.0499877929688,2548.199951171875,775.0,529.25,3892.10009765625,15434.349609375
2022-04-25,4676.0498046875,3130.60009765625,7005.5,369.70001220703125,739.3499755859375,3295.89990234375,953.1500244140625,188.4499969482422,4410.10009765625,4115.4501953125,2594.14990234375,1693.699951171875,859.5499877929688,1089.8499755859375,1365.75,540.0,2288.60009765625,495.5,2100.75,2210.5,752.2000122070312,255.25,946.5499877929688,1561.0999755859375,715.7000122070312,1728.8499755859375,6595.0498046875,1657.3499755859375,904.0,1270.4000244140625,7912.35009765625,156.10000610351562,18174.69921875,169.64999389648438,3548.199951171875,222.85000610351562,2695.0,1091.25,803.0499877929688,25649.599609375,494.75,900.0,425.1499938964844,1220.3499755859375,792.75,2453.89990234375,780.7000122070312,529.3499755859375,3682.949951171875,15265.150390625
2022-04-22,4813.7001953125,3164.39990234375,7110.75,393.3999938964844,738.75,3364.10009765625,967.0,202.14999389648438,4492.5,4192.75,2631.5,1716.8499755859375,874.1500244140625,1102.050048828125,1355.5999755859375,554.0499877929688,2294.25,514.1500244140625,2126.949951171875,2206.39990234375,747.6500244140625,261.1000061035156,959.8499755859375,1585.449951171875,723.4000244140625,1727.75,6744.10009765625,1694.3499755859375,920.6500244140625,1306.5,7904.5,160.4499969482422,18187.75,174.0,3612.550048828125,225.4499969482422,2758.800048828125,1137.25,816.5499877929688,25855.25,500.6000061035156,924.7999877929688,438.8500061035156,1277.550048828125,815.5999755859375,2512.699951171875,780.5999755859375,537.7000122070312,3642.5,15454.2001953125
2022-04-21,4885.25,3158.25,7138.10009765625,397.70001220703125,735.75,3359.89990234375,998.5499877929688,206.89999389648438,4529.0498046875,4320.2998046875,2651.5,1764.25,850.5,1099.199951171875,1374.3499755859375,570.9500122070312,2317.64990234375,540.25,2197.949951171875,2230.64990234375,762.3499755859375,260.3999938964844,989.25,1618.800048828125,734.2000122070312,1760.8499755859375,6846.5,1714.5,911.0,1312.699951171875,7879.2001953125,162.6999969482422,18202.94921875,174.14999389648438,3628.64990234375,227.25,2782.10009765625,1144.550048828125,829.1500244140625,26056.55078125,516.2999877929688,944.0999755859375,448.04998779296875,1302.1500244140625,820.0499877929688,2521.0,801.7999877929688,539.2000122070312,3702.35009765625,15835.75
2022-04-20,4780.9501953125,3083.0,7032.5,389.95001220703125,739.3499755859375,3304.199951171875,1012.0499877929688,199.10000610351562,4455.64990234375,4293.39990234375,2536.800048828125,1736.5999755859375,827.6500244140625,1089.4000244140625,1354.300048828125,559.2999877929688,2274.85009765625,545.0,2164.949951171875,2180.199951171875,755.5499877929688,259.54998779296875,972.5499877929688,1587.699951171875,738.8499755859375,1721.300048828125,6807.14990234375,1691.5999755859375,881.25,1309.199951171875,7666.7001953125,160.5,18305.19921875,175.5,3556.800048828125,227.0,2718.449951171875,1128.3499755859375,825.25,25713.849609375,509.29998779296875,923.5,440.54998779296875,1314.25,810.4500122070312,2482.699951171875,794.7000122070312,536.5,3720.75,15509.2998046875
2022-04-19,4816.35009765625,2991.199951171875,7259.5498046875,375.8500061035156,723.5,3267.89990234375,1000.2999877929688,197.75,4411.39990234375,4209.7001953125,2454.85009765625,1720.4000244140625,819.2999877929688,1070.25,1342.199951171875,546.7000122070312,2263.25,540.7999877929688,2113.050048828125,2140.199951171875,766.2999877929688,261.54998779296875,963.7999877929688,1562.0,746.4000244140625,1707.5,6585.7001953125,1705.75,872.5,1301.199951171875,7435.10009765625,160.64999389648438,17948.599609375,177.14999389648438,3471.89990234375,227.85000610351562,2640.800048828125,1124.699951171875,804.9000244140625,24860.900390625,511.79998779296875,922.0,424.95001220703125,1326.5999755859375,791.3499755859375,2452.60009765625,797.7999877929688,530.4500122070312,3657.14990234375,15720.5498046875
2022-04-18,4554.5,3021.550048828125,7261.4501953125,371.75,729.5,3343.89990234375,1027.8499755859375,189.4499969482422,4524.89990234375,4284.9501953125,2511.0,1741.300048828125,842.7000122070312,1101.75,1395.449951171875,574.2999877929688,2285.39990234375,545.3499755859375,2177.64990234375,2263.5,757.7999877929688,270.1000061035156,977.4500122070312,1621.4000244140625,767.8499755859375,1750.4000244140625,6639.60009765625,1738.3499755859375,874.0999755859375,1344.550048828125,7573.5,163.1999969482422,18561.5,175.8000030517578,3528.050048828125,231.10000610351562,2543.85009765625,1173.4000244140625,805.1500244140625,25435.349609375,509.5,927.5,433.79998779296875,1339.0999755859375,822.2999877929688,2493.449951171875,798.8499755859375,538.5999755859375,3714.60009765625,15827.25
2022-04-13,4744.4501953125,3080.64990234375,7328.4501953125,379.0,740.6500244140625,3349.64990234375,1016.5999755859375,186.60000610351562,4499.25,4299.2001953125,2491.449951171875,1765.949951171875,840.5,1125.0999755859375,1464.949951171875,564.8499755859375,2274.39990234375,546.75,2152.14990234375,2378.5,762.25,269.54998779296875,983.4000244140625,1748.550048828125,766.3499755859375,1779.5999755859375,6730.0498046875,1760.800048828125,866.0999755859375,1410.449951171875,7469.5,153.9499969482422,18382.400390625,174.25,3661.949951171875,229.5,2551.64990234375,1146.9000244140625,818.6500244140625,25363.55078125,517.7000122070312,936.75,431.04998779296875,1319.5,817.5999755859375,2461.35009765625,793.0499877929688,559.2000122070312,3697.300048828125,16090.0498046875
2022-04-12,4626.2998046875,3128.64990234375,7274.5,380.6000061035156,741.6500244140625,3344.10009765625,1027.25,186.0,4473.39990234375,4372.35009765625,2521.800048828125,1755.5,844.9000244140625,1131.1500244140625,1493.5,562.2999877929688,2297.89990234375,542.3499755859375,2132.25,2425.699951171875,763.8499755859375,264.79998779296875,985.0999755859375,1742.449951171875,755.9000244140625,1801.8499755859375,6775.5498046875,1747.699951171875,860.7999877929688,1415.0,7618.35009765625,152.60000610351562,18417.80078125,168.89999389648438,3691.10009765625,233.10000610351562,2561.050048828125,1149.0999755859375,805.6500244140625,25122.650390625,512.8499755859375,921.2999877929688,438.29998779296875,1320.25,812.0999755859375,2488.199951171875,798.4500122070312,558.7000122070312,3712.050048828125,16318.0498046875
2022-04-11,4662.14990234375,3157.449951171875,7336.64990234375,388.3500061035156,758.0499877929688,3350.64990234375,1025.5,196.39999389648438,4503.7998046875,4380.5,2545.60009765625,1820.1500244140625,854.5499877929688,1133.5,1496.1500244140625,567.4000244140625,2335.39990234375,576.3499755859375,2163.050048828125,2424.699951171875,759.5999755859375,267.5,980.4500122070312,1766.550048828125,767.4000244140625,1783.449951171875,6858.75,1781.5,856.8499755859375,1449.199951171875,7565.39990234375,153.10000610351562,18426.349609375,171.1999969482422,3696.39990234375,230.89999389648438,2610.199951171875,1142.5,819.8499755859375,25203.650390625,514.9000244140625,925.4000244140625,452.04998779296875,1357.9000244140625,821.5,2489.85009765625,786.0499877929688,571.0999755859375,3787.14990234375,16577.849609375
2022-04-08,4606.14990234375,3206.25,7366.60009765625,384.54998779296875,762.0999755859375,3347.89990234375,1011.5999755859375,194.5500030517578,4505.9501953125,4430.35009765625,2555.199951171875,1771.25,839.2999877929688,1165.3499755859375,1514.6500244140625,564.7999877929688,2362.449951171875,581.75,2183.050048828125,2458.25,754.2999877929688,267.79998779296875,985.5999755859375,1814.5999755859375,756.5999755859375,1784.5,6837.0,1830.75,857.4000244140625,1448.75,7557.9501953125,152.0500030517578,18452.80078125,170.89999389648438,3685.64990234375,232.60000610351562,2615.64990234375,1160.449951171875,809.75,25260.650390625,516.0999755859375,924.5999755859375,452.04998779296875,1370.75,817.7000122070312,2509.949951171875,794.9000244140625,583.6500244140625,3810.35009765625,16749.0
2022-04-07,4536.5,3155.0,7290.2001953125,380.79998779296875,762.4000244140625,3294.10009765625,1036.699951171875,190.75,4448.4501953125,4317.39990234375,2538.39990234375,1681.949951171875,817.4000244140625,1173.300048828125,1516.75,559.0,2350.60009765625,574.75,2164.800048828125,2462.699951171875,748.5499877929688,256.6499938964844,972.5999755859375,1811.0,728.0499877929688,1766.449951171875,6736.64990234375,1826.300048828125,834.2999877929688,1468.550048828125,7640.5,153.5,18188.400390625,168.85000610351562,3684.14990234375,231.35000610351562,2572.85009765625,1108.8499755859375,803.3499755859375,24742.5,514.9500122070312,930.9500122070312,449.5,1349.5,804.9000244140625,2458.35009765625,792.0999755859375,580.8499755859375,3802.25,16553.900390625
2022-04-06,4511.75,3154.0,7346.9501953125,385.79998779296875,775.6500244140625,3282.5,1029.0,193.85000610351562,4386.89990234375,4276.75,2530.699951171875,1699.75,849.8499755859375,1170.5,1550.8499755859375,555.8499755859375,2346.89990234375,581.25,2142.050048828125,2536.050048828125,741.5999755859375,259.6000061035156,968.2999877929688,1828.8499755859375,737.4000244140625,1779.4000244140625,6736.14990234375,1852.800048828125,827.8499755859375,1459.3499755859375,7744.2001953125,153.0,18216.75,172.8000030517578,3755.35009765625,236.64999389648438,2619.050048828125,1107.0999755859375,805.2999877929688,24733.0,513.9500122070312,928.0999755859375,456.1499938964844,1370.75,809.25,2540.050048828125,773.7000122070312,593.5499877929688,3801.800048828125,16720.0
2022-04-05,4554.25,3140.800048828125,7388.4501953125,380.0,766.5999755859375,3303.39990234375,1021.4500122070312,187.89999389648438,4461.2001953125,4329.89990234375,2543.449951171875,1702.300048828125,848.0499877929688,1195.449951171875,1608.25,569.6500244140625,2332.25,586.8499755859375,2139.800048828125,2623.699951171875,741.7999877929688,259.45001220703125,973.25,1861.0999755859375,733.4500122070312,1802.199951171875,6726.14990234375,1836.050048828125,836.5499877929688,1489.050048828125,7761.85009765625,149.10000610351562,18023.19921875,171.85000610351562,3814.800048828125,233.0500030517578,2626.050048828125,1118.3499755859375,793.5499877929688,25157.94921875,509.3999938964844,929.0999755859375,458.04998779296875,1344.9000244140625,806.6500244140625,2549.199951171875,783.0999755859375,599.1500244140625,3809.699951171875,16818.849609375
2022-04-04,4564.9501953125,3118.0,7490.64990234375,380.20001220703125,767.7999877929688,3270.0,1027.800048828125,187.75,4497.60009765625,4317.14990234375,2508.949951171875,1679.699951171875,818.5499877929688,1187.050048828125,1656.800048828125,571.7999877929688,2311.75,587.5,2128.449951171875,2680.050048828125,746.5999755859375,255.4499969482422,987.2000122070312,1882.949951171875,732.7000122070312,1836.050048828125,6743.89990234375,1826.3499755859375,833.7000122070312,1498.6500244140625,7774.7998046875,144.3000030517578,17820.150390625,168.0500030517578,3770.35009765625,227.39999389648438,2663.699951171875,1126.300048828125,784.3499755859375,24765.05078125,512.4000244140625,926.0499877929688,446.75,1341.9000244140625,788.0999755859375,2517.0,784.0999755859375,605.5999755859375,3763.64990234375,17196.349609375
2022-04-01,4506.89990234375,3114.14990234375,7408.10009765625,374.3999938964844,758.5,3230.64990234375,1014.8499755859375,186.14999389648438,4379.7001953125,4279.4501953125,2481.199951171875,1669.949951171875,785.75,1169.6500244140625,1506.0,550.3499755859375,2240.14990234375,570.5,2078.14990234375,2452.300048828125,736.25,253.3000030517578,968.5999755859375,1903.550048828125,732.2000122070312,1776.6500244140625,6670.5498046875,1790.0999755859375,826.5499877929688,1487.0999755859375,7700.0498046875,142.9499969482422,17557.19921875,167.9499969482422,3758.75,225.0500030517578,2655.85009765625,1113.3499755859375,781.5499877929688,24612.849609375,508.20001220703125,908.7000122070312,441.1499938964844,1317.0999755859375,789.7999877929688,2520.85009765625,774.5499877929688,601.7999877929688,3739.89990234375,17139.19921875
2022-03-31,4516.10009765625,3079.949951171875,7259.9501953125,359.3500061035156,754.9500122070312,3206.39990234375,1018.0499877929688,183.0500030517578,4402.0498046875,4295.4501953125,2457.14990234375,1664.0,774.2000122070312,1163.75,1470.3499755859375,538.2000122070312,2294.14990234375,569.5,2048.64990234375,2390.39990234375,730.2999877929688,250.64999389648438,935.4000244140625,1906.8499755859375,732.6500244140625,1753.8499755859375,6602.2998046875,1767.6500244140625,806.5499877929688,1499.449951171875,7561.2998046875,135.0,17380.55078125,163.89999389648438,3739.949951171875,216.8000030517578,2634.75,1121.449951171875,769.5999755859375,24032.599609375,493.54998779296875,914.75,433.75,1307.199951171875,777.4000244140625,2536.14990234375,761.1500244140625,591.9000244140625,3653.0,17060.44921875
2022-03-30,4614.7998046875,3081.550048828125,7251.85009765625,360.04998779296875,749.5,3148.39990234375,1028.949951171875,182.89999389648438,4538.60009765625,4354.39990234375,2486.550048828125,1667.699951171875,767.4000244140625,1165.199951171875,1476.949951171875,542.2999877929688,2271.64990234375,599.7999877929688,2015.9000244140625,2385.449951171875,730.9000244140625,249.1999969482422,926.2999877929688,1903.949951171875,717.5499877929688,1763.0999755859375,6642.7001953125,1773.5999755859375,793.3499755859375,1496.300048828125,7598.60009765625,135.3000030517578,17298.0,162.0,3731.550048828125,217.10000610351562,2672.949951171875,1121.800048828125,776.1500244140625,24089.150390625,494.29998779296875,920.5999755859375,435.6499938964844,1308.050048828125,765.8499755859375,2523.14990234375,750.4500122070312,600.7999877929688,3674.10009765625,17128.900390625
2022-03-29,4613.75,3042.60009765625,7039.35009765625,358.45001220703125,754.9500122070312,3103.800048828125,1038.8499755859375,186.0,4561.60009765625,4323.5498046875,2480.5,1623.699951171875,761.9500122070312,1167.699951171875,1451.800048828125,523.0,2210.64990234375,631.2999877929688,1987.050048828125,2337.35009765625,715.2999877929688,254.60000610351562,929.1500244140625,1886.0,753.9000244140625,1730.0,6526.60009765625,1746.6500244140625,773.3499755859375,1522.3499755859375,7439.14990234375,134.35000610351562,16921.900390625,171.0,3705.35009765625,211.3000030517578,2622.550048828125,1101.25,782.0,23645.55078125,495.0,919.3499755859375,433.70001220703125,1334.6500244140625,743.2000122070312,2538.800048828125,737.7999877929688,602.5,3689.10009765625,16501.69921875
2022-03-28,4658.60009765625,3027.449951171875,7001.39990234375,359.70001220703125,733.0499877929688,3094.800048828125,1017.0999755859375,191.25,4416.5498046875,4285.4501953125,2380.0,1610.949951171875,737.0,1163.949951171875,1432.800048828125,512.5999755859375,2377.949951171875,630.2000122070312,1975.0999755859375,2268.25,710.3499755859375,257.04998779296875,935.1500244140625,1873.9000244140625,730.0999755859375,1725.199951171875,6359.9501953125,1741.5999755859375,769.25,1524.449951171875,7477.35009765625,134.8000030517578,16860.05078125,176.35000610351562,3707.699951171875,212.3000030517578,2621.949951171875,1077.0,780.75,23197.55078125,497.5,905.9000244140625,432.70001220703125,1338.949951171875,741.25,2535.89990234375,736.0,600.2000122070312,3687.75,16518.94921875
2022-03-25,4683.2001953125,3046.949951171875,6973.5,360.29998779296875,709.3499755859375,3094.5,1013.5,186.10000610351562,4454.14990234375,4361.4501953125,2336.85009765625,1591.050048828125,743.25,1179.3499755859375,1430.9000244140625,519.5499877929688,2378.39990234375,622.7000122070312,1953.0,2303.0,699.25,253.35000610351562,926.25,1876.550048828125,721.3499755859375,1722.25,6312.7001953125,1751.0999755859375,764.75,1530.550048828125,7415.4501953125,134.75,17161.19921875,175.8000030517578,3707.449951171875,209.64999389648438,2595.85009765625,1092.5999755859375,798.5499877929688,23259.349609375,490.70001220703125,902.3499755859375,432.1000061035156,1338.949951171875,733.3499755859375,2523.89990234375,721.25,603.3499755859375,3654.35009765625,16333.2998046875
2022-03-24,4628.5498046875,3025.35009765625,6997.5498046875,362.6000061035156,706.3499755859375,3103.85009765625,1029.0,187.39999389648438,4494.64990234375,4328.5,2369.64990234375,1599.4000244140625,733.4500122070312,1192.0999755859375,1442.6500244140625,522.3499755859375,2412.14990234375,621.9500122070312,1965.9000244140625,2310.5,704.2000122070312,254.85000610351562,924.7999877929688,1886.699951171875,715.0999755859375,1714.1500244140625,6351.85009765625,1771.550048828125,765.6500244140625,1568.550048828125,7556.9501953125,135.39999389648438,17408.099609375,177.4499969482422,3749.85009765625,210.75,2578.64990234375,1088.949951171875,799.0999755859375,23273.75,487.1000061035156,908.8499755859375,433.20001220703125,1350.550048828125,740.5,2618.5,722.25,610.5499877929688,3583.89990234375,16378.7001953125
2022-03-23,4608.2001953125,3016.800048828125,7004.7998046875,366.6000061035156,704.9500122070312,3102.25,1014.4500122070312,183.0500030517578,4553.5498046875,4127.2998046875,2394.10009765625,1582.0999755859375,733.75,1180.699951171875,1479.25,525.8499755859375,2394.64990234375,608.4500122070312,1978.550048828125,2346.300048828125,718.2999877929688,252.0,931.3499755859375,1872.4000244140625,704.4000244140625,1769.75,6234.0,1767.25,774.0999755859375,1542.1500244140625,7644.85009765625,133.4499969482422,17344.19921875,175.60000610351562,3712.39990234375,210.10000610351562,2539.199951171875,1092.25,793.9500122070312,23413.19921875,490.6499938964844,900.7999877929688,435.79998779296875,1331.0,748.7999877929688,2690.0,726.75,611.2000122070312,3601.5,16407.349609375
2022-03-22,4677.60009765625,3051.14990234375,6985.7998046875,368.3999938964844,719.25,3158.39990234375,1032.5999755859375,183.35000610351562,4448.5498046875,4030.35009765625,2380.39990234375,1582.5,739.1500244140625,1176.4000244140625,1494.1500244140625,529.2999877929688,2423.64990234375,593.4500122070312,1993.5,2402.75,718.2000122070312,249.75,927.7000122070312,1887.4000244140625,696.5,1807.8499755859375,6211.60009765625,1774.050048828125,785.5999755859375,1538.199951171875,7766.64990234375,132.85000610351562,17429.25,175.4499969482422,3700.949951171875,208.6999969482422,2531.14990234375,1097.6500244140625,780.9500122070312,23373.30078125,493.70001220703125,914.0999755859375,440.3500061035156,1302.0,752.9000244140625,2712.75,731.4000244140625,610.0499877929688,3656.449951171875,16494.599609375
2022-03-21,4767.39990234375,3045.75,6870.39990234375,357.20001220703125,708.2000122070312,3237.550048828125,1050.300048828125,182.3000030517578,4456.25,4004.949951171875,2378.75,1569.449951171875,735.1500244140625,1168.050048828125,1486.5,522.3499755859375,2391.550048828125,589.9500122070312,2051.199951171875,2391.89990234375,710.75,244.5,913.4000244140625,1853.050048828125,681.2999877929688,1777.0999755859375,6191.25,1756.300048828125,783.5,1479.800048828125,7705.5498046875,132.89999389648438,17876.44921875,172.5500030517578,3626.699951171875,204.89999389648438,2467.39990234375,1095.800048828125,775.9000244140625,23390.30078125,490.6000061035156,913.7999877929688,427.95001220703125,1302.949951171875,747.7999877929688,2707.25,725.9000244140625,600.0,3589.050048828125,16180.7998046875
2022-03-17,4839.89990234375,3136.60009765625,6994.39990234375,364.20001220703125,722.9000244140625,3355.949951171875,1048.5,176.5500030517578,4504.35009765625,4042.14990234375,2436.949951171875,1619.8499755859375,740.0999755859375,1196.9000244140625,1480.050048828125,530.1500244140625,2419.89990234375,576.7999877929688,2102.050048828125,2415.25,720.0999755859375,244.89999389648438,932.4500122070312,1854.5999755859375,685.0999755859375,1820.0,6373.60009765625,1787.9000244140625,794.4000244140625,1493.5,7693.0,132.89999389648438,18284.19921875,170.3000030517578,3672.75,211.5500030517578,2481.699951171875,1128.550048828125,761.5999755859375,24090.19921875,501.8999938964844,911.5999755859375,433.79998779296875,1303.449951171875,772.2999877929688,2703.0,739.25,601.2000122070312,3650.449951171875,16370.7998046875
2022-03-16,4943.64990234375,3042.0,6840.60009765625,356.29998779296875,712.0,3313.64990234375,1055.800048828125,176.89999389648438,4402.25,3943.800048828125,2357.89990234375,1604.050048828125,723.7999877929688,1199.5,1448.1500244140625,517.2999877929688,2369.5,572.7000122070312,2072.14990234375,2292.10009765625,708.0,242.60000610351562,928.6500244140625,1889.4000244140625,655.25,1760.5,6305.89990234375,1756.199951171875,773.6500244140625,1489.9000244140625,7485.7998046875,132.75,17823.400390625,167.3000030517578,3655.89990234375,209.35000610351562,2403.35009765625,1085.75,752.4500122070312,23595.44921875,492.75,889.2000122070312,424.8999938964844,1265.25,747.8499755859375,2587.300048828125,723.8499755859375,598.25,3569.800048828125,16124.849609375
2022-03-15,4812.9501953125,2987.14990234375,6666.5498046875,350.29998779296875,703.0999755859375,3222.85009765625,1068.050048828125,172.89999389648438,4386.25,3899.85009765625,2305.25,1564.25,721.2999877929688,1176.8499755859375,1424.0,504.70001220703125,2318.39990234375,559.75,2038.199951171875,2240.85009765625,697.3499755859375,237.85000610351562,896.6500244140625,1839.300048828125,641.1500244140625,1733.75,6021.25,1743.449951171875,761.2000122070312,1458.5999755859375,7420.10009765625,131.0500030517578,17461.599609375,163.75,3593.89990234375,209.64999389648438,2363.449951171875,1070.550048828125,741.0,22800.5,485.8500061035156,891.6500244140625,413.6499938964844,1233.75,748.5999755859375,2556.949951171875,698.1500244140625,587.7000122070312,3454.050048828125,15708.900390625
2022-03-14,4923.5,2962.800048828125,6665.4501953125,359.6499938964844,700.4000244140625,3185.85009765625,1048.6500244140625,180.35000610351562,4393.7998046875,3957.300048828125,2313.550048828125,1577.5,730.5499877929688,1202.8499755859375,1442.550048828125,512.4500122070312,2341.89990234375,590.7999877929688,2059.300048828125,2275.699951171875,696.1500244140625,239.0,907.5999755859375,1890.699951171875,664.8499755859375,1788.75,6035.89990234375,1746.75,743.2000122070312,1503.0,7316.75,132.14999389648438,17367.19921875,171.8000030517578,3643.0,213.39999389648438,2418.85009765625,1069.699951171875,730.75,22361.44921875,485.1499938964844,892.25,411.70001220703125,1297.0,722.25,2539.0,710.0499877929688,598.1500244140625,3452.550048828125,15678.5
2022-03-11,4854.10009765625,2932.0,6628.0,362.0,694.8499755859375,3199.89990234375,1043.949951171875,181.75,4339.39990234375,3975.60009765625,2290.75,1566.25,729.4500122070312,1193.449951171875,1396.800048828125,518.7999877929688,2331.199951171875,589.0999755859375,2094.39990234375,2230.0,677.9000244140625,236.35000610351562,901.75,1822.0,669.75,1763.0,6021.0,1728.6500244140625,734.7999877929688,1486.800048828125,7102.5498046875,131.9499969482422,17327.44921875,175.6999969482422,3599.14990234375,212.4499969482422,2399.14990234375,1058.5,725.4500122070312,22394.599609375,470.3500061035156,902.0,418.1499938964844,1301.699951171875,716.4500122070312,2493.60009765625,690.8499755859375,586.2000122070312,3423.0,15569.0
2022-03-10,4769.7001953125,2912.800048828125,6584.89990234375,349.0,697.75,3222.949951171875,987.0499877929688,178.9499969482422,4300.89990234375,3892.5,2303.0,1554.9000244140625,730.4000244140625,1192.1500244140625,1392.699951171875,521.2999877929688,2320.75,593.7999877929688,2101.949951171875,2237.949951171875,676.5999755859375,232.0,904.2999877929688,1825.9000244140625,650.75,1754.3499755859375,6052.5498046875,1728.199951171875,738.8499755859375,1485.3499755859375,7211.7998046875,132.9499969482422,17649.099609375,174.35000610351562,3620.949951171875,208.85000610351562,2392.25,1050.050048828125,724.2000122070312,22197.599609375,468.70001220703125,869.5499877929688,419.6000061035156,1308.699951171875,724.2000122070312,2467.800048828125,694.9500122070312,588.25,3422.35009765625,15467.4501953125
2022-03-09,4710.9501953125,2874.949951171875,6472.5,342.6499938964844,691.5,3123.85009765625,981.5499877929688,186.64999389648438,4234.0498046875,3930.449951171875,2293.050048828125,1493.3499755859375,714.0999755859375,1182.699951171875,1371.1500244140625,514.7000122070312,2290.5,588.0499877929688,1997.9000244140625,2194.39990234375,667.4500122070312,229.25,875.3499755859375,1813.3499755859375,627.1500244140625,1739.0999755859375,6017.35009765625,1690.949951171875,734.8499755859375,1504.75,7026.85009765625,131.5,17145.599609375,175.39999389648438,3632.60009765625,208.10000610351562,2354.10009765625,1025.199951171875,725.2000122070312,21964.650390625,451.70001220703125,868.25,405.8999938964844,1255.3499755859375,699.1500244140625,2433.64990234375,674.2000122070312,585.5,3339.0,15015.2001953125
2022-03-08,4722.25,2723.39990234375,6161.85009765625,341.6000061035156,683.0,3113.75,969.5499877929688,189.14999389648438,4164.25,3868.550048828125,2256.050048828125,1458.199951171875,688.8499755859375,1175.300048828125,1327.800048828125,513.0499877929688,2251.64990234375,589.9500122070312,1949.0,2151.699951171875,665.0,226.89999389648438,840.7000122070312,1778.199951171875,629.8499755859375,1723.0999755859375,5833.4501953125,1658.5,700.6500244140625,1461.949951171875,6806.2998046875,133.75,17263.30078125,179.10000610351562,3599.949951171875,212.35000610351562,2235.5,1031.949951171875,724.2000122070312,22583.849609375,440.29998779296875,855.0,391.75,1269.5,683.7000122070312,2371.25,670.4000244140625,587.4500122070312,3317.10009765625,14450.7001953125
2022-03-07,4664.35009765625,2708.449951171875,6125.0,338.0,675.4000244140625,3153.449951171875,941.1500244140625,188.6999969482422,4074.949951171875,3769.39990234375,2259.64990234375,1446.550048828125,677.7999877929688,1154.199951171875,1324.800048828125,503.5,2198.699951171875,619.75,1943.949951171875,2121.949951171875,653.75,224.9499969482422,834.4000244140625,1739.8499755859375,637.1500244140625,1711.9000244140625,5698.10009765625,1634.449951171875,690.5499877929688,1424.0999755859375,6769.0498046875,130.0500030517578,17342.05078125,186.9499969482422,3484.89990234375,212.8000030517578,2239.550048828125,1028.9000244140625,731.9000244140625,21990.349609375,440.29998779296875,822.6500244140625,394.0,1291.9000244140625,659.8499755859375,2389.699951171875,667.5499877929688,571.8499755859375,3234.64990234375,14373.2001953125
2022-03-04,4747.25,2738.14990234375,6537.89990234375,348.3500061035156,653.7000122070312,3371.35009765625,931.2000122070312,181.0,4094.699951171875,3828.64990234375,2339.25,1477.5999755859375,700.1500244140625,1138.449951171875,1366.5,521.5,2311.300048828125,583.7999877929688,2019.5,2217.5,688.0499877929688,225.5,901.9000244140625,1723.300048828125,631.9500122070312,1752.1500244140625,6050.2998046875,1711.75,732.2999877929688,1453.5999755859375,7247.2998046875,130.1999969482422,17391.849609375,165.25,3524.35009765625,215.0500030517578,2325.550048828125,1057.3499755859375,713.75,22550.349609375,461.95001220703125,829.6500244140625,417.25,1277.0999755859375,669.9500122070312,2441.0,715.0,575.2999877929688,3242.10009765625,15333.2001953125
2022-03-03,4917.7998046875,2871.89990234375,6748.35009765625,346.3999938964844,672.0499877929688,3366.39990234375,934.9000244140625,188.9499969482422,4160.4501953125,3718.85009765625,2409.5,1503.5999755859375,706.7000122070312,1139.699951171875,1371.0,531.75,2417.39990234375,606.2999877929688,2091.0,2273.0,698.2999877929688,219.39999389648438,912.25,1720.8499755859375,654.7000122070312,1792.25,5980.7001953125,1752.300048828125,762.0499877929688,1426.6500244140625,7595.5498046875,132.10000610351562,17436.5,170.3000030517578,3544.39990234375,217.85000610351562,2378.300048828125,1081.300048828125,713.75,22827.05078125,467.3999938964844,820.9000244140625,437.1000061035156,1303.300048828125,687.0499877929688,2574.25,737.6500244140625,569.5499877929688,3297.10009765625,15704.099609375
2022-03-02,4861.25,3028.949951171875,6831.5498046875,342.1000061035156,674.25,3391.75,923.0999755859375,184.8000030517578,4160.89990234375,3853.14990234375,2508.10009765625,1548.5,710.2999877929688,1115.550048828125,1374.25,560.7999877929688,2426.300048828125,600.0999755859375,2149.10009765625,2278.10009765625,714.8499755859375,215.3000030517578,906.3499755859375,1702.800048828125,644.5999755859375,1806.0,6399.35009765625,1784.5,778.3499755859375,1394.3499755859375,7814.2001953125,130.9499969482422,17844.599609375,162.9499969482422,3546.14990234375,210.89999389648438,2398.550048828125,1121.1500244140625,689.5499877929688,23932.650390625,474.25,820.9000244140625,447.6000061035156,1289.3499755859375,711.0,2592.64990234375,750.25,555.2000122070312,3372.300048828125,16053.0
2022-02-28,4802.7998046875,3174.64990234375,7002.2998046875,349.79998779296875,686.5,3427.449951171875,925.0499877929688,169.5500030517578,4265.0,4063.39990234375,2589.800048828125,1598.5,707.5,1126.949951171875,1426.25,523.2000122070312,2535.449951171875,573.75,2172.10009765625,2364.5,742.7000122070312,215.85000610351562,920.7000122070312,1715.5999755859375,627.4500122070312,1842.75,6567.89990234375,1816.75,790.8499755859375,1410.0,8314.150390625,133.5,17639.150390625,160.64999389648438,3554.199951171875,209.14999389648438,2359.550048828125,1060.1500244140625,665.4500122070312,24414.69921875,483.20001220703125,843.9000244140625,454.04998779296875,1220.75,718.5999755859375,2546.550048828125,742.4000244140625,555.7999877929688,3530.35009765625,16012.5498046875
2022-02-25,4633.4501953125,3119.199951171875,6969.39990234375,336.3500061035156,688.6500244140625,3422.75,923.6500244140625,163.4499969482422,4138.35009765625,4176.60009765625,2628.39990234375,1567.8499755859375,695.1500244140625,1129.699951171875,1456.0999755859375,538.9000244140625,2558.39990234375,533.9000244140625,2170.699951171875,2401.35009765625,730.0499877929688,213.9499969482422,927.0499877929688,1694.5999755859375,598.5999755859375,1856.699951171875,6570.25,1777.050048828125,807.5999755859375,1389.699951171875,8356.099609375,130.35000610351562,17715.099609375,159.5,3520.75,197.3000030517578,2283.949951171875,1055.5999755859375,654.7000122070312,23983.44921875,482.95001220703125,831.5499877929688,459.75,1145.3499755859375,709.5,2468.449951171875,758.0499877929688,555.25,3508.39990234375,15772.150390625
2022-02-24,4381.9501953125,3069.050048828125,6627.7998046875,333.04998779296875,670.9000244140625,3446.0,895.7999877929688,150.0,3936.64990234375,4092.5,2617.14990234375,1544.3499755859375,654.8499755859375,1098.550048828125,1419.4000244140625,532.9500122070312,2490.39990234375,517.6500244140625,2171.39990234375,2343.050048828125,707.4000244140625,208.5,875.6500244140625,1678.1500244140625,569.3499755859375,1794.8499755859375,6418.4501953125,1757.3499755859375,795.7999877929688,1333.0,8210.150390625,124.4000015258789,17744.75,156.64999389648438,3401.64990234375,191.10000610351562,2255.75,1054.199951171875,632.2999877929688,23152.25,472.6499938964844,818.25,427.95001220703125,1074.0,677.7000122070312,2406.60009765625,730.2999877929688,537.1500244140625,3478.89990234375,15245.2001953125
2022-02-23,4610.7998046875,3237.199951171875,7044.5498046875,357.1000061035156,704.4000244140625,3511.14990234375,914.9000244140625,158.5,4181.60009765625,4200.9501953125,2706.64990234375,1669.800048828125,706.7000122070312,1153.0,1500.9000244140625,569.0499877929688,2670.64990234375,518.7000122070312,2260.39990234375,2437.050048828125,744.5999755859375,215.9499969482422,950.7000122070312,1742.8499755859375,614.7000122070312,1886.0999755859375,6780.2001953125,1820.300048828125,850.2999877929688,1413.300048828125,8698.849609375,130.1999969482422,17926.650390625,160.75,3563.800048828125,198.0500030517578,2374.050048828125,1101.75,688.0,24603.44921875,498.70001220703125,840.25,477.0,1139.0,723.25,2495.699951171875,777.2000122070312,567.0999755859375,3580.300048828125,16133.599609375
2022-02-22,4576.0498046875,3227.14990234375,7011.35009765625,355.29998779296875,699.25,3489.75,913.4000244140625,159.89999389648438,4224.7998046875,4218.5,2725.5,1684.1500244140625,705.5499877929688,1149.550048828125,1510.699951171875,572.75,2731.0,516.2000122070312,2269.949951171875,2453.949951171875,751.2999877929688,214.85000610351562,939.0999755859375,1734.3499755859375,622.0,1841.75,6749.5498046875,1844.449951171875,853.25,1412.550048828125,8622.7998046875,132.10000610351562,18111.0,164.9499969482422,3586.39990234375,198.14999389648438,2389.0,1100.949951171875,693.3499755859375,24393.69921875,498.3999938964844,845.7999877929688,478.25,1138.699951171875,715.2000122070312,2450.10009765625,779.1500244140625,564.1500244140625,3600.699951171875,16189.4501953125
2022-02-21,4426.64990234375,3251.64990234375,7006.35009765625,368.75,709.9500122070312,3475.25,907.25,161.1999969482422,4258.2998046875,4298.25,2699.0,1692.449951171875,711.0999755859375,1164.75,1522.0999755859375,582.0,2713.35009765625,512.0,2294.800048828125,2436.800048828125,754.4500122070312,218.0,952.4500122070312,1730.699951171875,623.0999755859375,1827.0999755859375,6813.4501953125,1863.949951171875,841.0999755859375,1418.199951171875,8612.7001953125,131.9499969482422,18106.099609375,163.39999389648438,3719.39990234375,198.14999389648438,2399.89990234375,1134.75,704.1500244140625,24678.349609375,511.8500061035156,843.8499755859375,494.45001220703125,1181.8499755859375,713.2000122070312,2454.35009765625,788.8499755859375,570.7999877929688,3579.5,16012.25
2022-02-18,4471.5498046875,3258.449951171875,7030.10009765625,373.1499938964844,712.5499877929688,3481.64990234375,909.0999755859375,167.3000030517578,4353.39990234375,4321.14990234375,2699.25,1722.75,727.5,1165.0,1512.3499755859375,590.9500122070312,2774.050048828125,529.5999755859375,2312.550048828125,2441.14990234375,748.9000244140625,221.89999389648438,955.3499755859375,1706.949951171875,632.8499755859375,1826.550048828125,6916.60009765625,1883.0999755859375,852.0,1437.949951171875,8569.099609375,132.35000610351562,18009.30078125,167.89999389648438,3793.89990234375,195.6999969482422,2424.39990234375,1150.5,724.9500122070312,24349.55078125,515.2999877929688,862.9000244140625,493.1499938964844,1190.800048828125,717.5,2488.949951171875,787.4000244140625,562.4500122070312,3632.14990234375,16096.5498046875
2022-02-17,4564.7001953125,3265.85009765625,7082.4501953125,373.0,717.0,3464.10009765625,928.2000122070312,163.0500030517578,4442.2001953125,4301.0,2722.75,1711.25,734.2000122070312,1163.050048828125,1506.5,592.5999755859375,2793.449951171875,532.5499877929688,2307.550048828125,2411.800048828125,750.3499755859375,222.64999389648438,955.7999877929688,1724.800048828125,638.2000122070312,1817.300048828125,7045.9501953125,1868.699951171875,862.25,1447.550048828125,8552.4501953125,132.75,18126.0,171.75,3784.199951171875,197.0,2443.5,1126.3499755859375,727.0499877929688,24723.849609375,512.9500122070312,862.5499877929688,499.95001220703125,1190.949951171875,720.3499755859375,2493.199951171875,782.7999877929688,564.9000244140625,3597.300048828125,16181.2001953125
2022-02-16,4584.7998046875,3252.85009765625,7068.60009765625,374.1000061035156,721.7999877929688,3462.0,933.0999755859375,163.85000610351562,4465.14990234375,4316.4501953125,2706.449951171875,1721.300048828125,740.75,1167.800048828125,1515.75,586.3499755859375,2786.800048828125,529.2999877929688,2286.5,2363.85009765625,764.0499877929688,222.75,968.4000244140625,1733.300048828125,638.0,1830.050048828125,7178.89990234375,1860.699951171875,864.25,1444.0,8582.9501953125,133.1999969482422,18223.80078125,168.5500030517578,3813.10009765625,196.3000030517578,2412.949951171875,1122.1500244140625,735.7999877929688,24916.349609375,516.7000122070312,868.8499755859375,498.45001220703125,1191.800048828125,701.0,2488.050048828125,797.0499877929688,563.9000244140625,3586.89990234375,16272.4501953125
2022-02-15,4663.39990234375,3264.60009765625,7142.0498046875,368.8999938964844,711.5499877929688,3477.89990234375,921.8499755859375,163.64999389648438,4325.7998046875,4277.5498046875,2724.0,1712.0999755859375,720.5999755859375,1168.550048828125,1517.800048828125,573.5999755859375,2778.64990234375,533.8499755859375,2290.10009765625,2340.25,776.0499877929688,223.0,969.7000122070312,1738.25,640.6500244140625,1813.0999755859375,7290.2998046875,1876.050048828125,854.5999755859375,1439.6500244140625,8622.7001953125,135.35000610351562,18187.099609375,164.14999389648438,3817.800048828125,203.4499969482422,2417.949951171875,1119.949951171875,744.7000122070312,24909.19921875,524.7999877929688,876.7999877929688,504.0,1207.75,702.0,2495.89990234375,796.9500122070312,563.3499755859375,3589.199951171875,16375.25
2022-02-14,4486.35009765625,3143.449951171875,6785.9501953125,361.70001220703125,689.7000122070312,3398.0,954.9000244140625,161.64999389648438,4277.89990234375,4204.60009765625,2570.800048828125,1642.949951171875,695.75,1146.449951171875,1473.699951171875,557.2999877929688,2648.5,521.25,2228.550048828125,2296.800048828125,753.7000122070312,219.4499969482422,941.5999755859375,1682.199951171875,626.5499877929688,1746.8499755859375,7089.10009765625,1799.0,825.0499877929688,1390.1500244140625,8366.400390625,132.5,17670.25,166.1999969482422,3733.75,201.85000610351562,2338.550048828125,1096.300048828125,721.7000122070312,23589.19921875,501.3999938964844,864.8499755859375,471.45001220703125,1186.8499755859375,694.2999877929688,2398.0,773.3499755859375,541.7000122070312,3487.949951171875,15674.150390625
2022-02-11,4514.89990234375,3216.300048828125,7011.60009765625,369.54998779296875,715.1500244140625,3480.550048828125,958.5,166.5,4291.25,4325.39990234375,2598.14990234375,1710.1500244140625,723.7000122070312,1163.699951171875,1518.8499755859375,595.3499755859375,2718.60009765625,542.7000122070312,2258.0,2426.35009765625,790.7999877929688,232.4499969482422,982.4000244140625,1721.3499755859375,671.4000244140625,1828.25,7323.60009765625,1871.25,853.6500244140625,1424.9000244140625,8737.150390625,137.14999389648438,17815.19921875,168.14999389648438,3694.949951171875,207.8000030517578,2376.39990234375,1133.300048828125,753.2000122070312,24900.30078125,529.5999755859375,880.0999755859375,498.8500061035156,1254.449951171875,701.0,2442.25,803.7999877929688,561.4500122070312,3566.64990234375,16113.099609375
2022-02-10,4590.64990234375,3238.75,7137.0,369.6499938964844,724.0499877929688,3534.550048828125,975.0499877929688,168.0500030517578,4313.75,4370.7001953125,2640.35009765625,1768.550048828125,731.0499877929688,1190.3499755859375,1525.0999755859375,606.25,2734.10009765625,547.25,2283.14990234375,2476.550048828125,805.5,232.25,972.3499755859375,1769.5999755859375,672.5499877929688,1867.199951171875,7474.5,1901.0,853.0499877929688,1468.5,8805.4501953125,136.4499969482422,18139.849609375,169.10000610351562,3770.35009765625,212.0500030517578,2381.050048828125,1146.25,770.0999755859375,25247.400390625,540.5499877929688,894.2999877929688,507.45001220703125,1248.3499755859375,706.7000122070312,2491.85009765625,809.7999877929688,573.6500244140625,3569.35009765625,16393.599609375
2022-02-09,4577.25,3228.35009765625,7117.35009765625,375.6000061035156,719.3499755859375,3517.35009765625,968.25,168.60000610351562,4329.4501953125,4368.75,2625.64990234375,1739.699951171875,733.4500122070312,1180.9000244140625,1497.5999755859375,600.2000122070312,2728.85009765625,542.2999877929688,2277.64990234375,2435.35009765625,802.7999877929688,230.14999389648438,967.1500244140625,1737.300048828125,663.0499877929688,1835.0,7504.0498046875,1888.800048828125,840.2000122070312,1454.800048828125,8949.4501953125,135.0500030517578,18135.05078125,163.9499969482422,3760.550048828125,209.35000610351562,2383.5,1125.699951171875,770.5,25466.150390625,535.25,886.4500122070312,501.25,1222.3499755859375,700.2000122070312,2484.800048828125,803.8499755859375,568.9500122070312,3563.550048828125,16257.7998046875
2022-02-08,4399.5,3216.35009765625,7055.0,377.3999938964844,708.9000244140625,3473.449951171875,948.0499877929688,159.9499969482422,4277.5498046875,4321.9501953125,2589.14990234375,1717.800048828125,717.7999877929688,1161.949951171875,1461.8499755859375,600.4500122070312,2671.949951171875,526.7999877929688,2264.35009765625,2414.60009765625,792.5,231.25,937.7000122070312,1717.300048828125,660.0999755859375,1817.800048828125,7421.35009765625,1875.5999755859375,832.0499877929688,1434.199951171875,8599.4501953125,135.0,18087.150390625,166.9499969482422,3743.449951171875,210.0500030517578,2356.050048828125,1131.1500244140625,758.6500244140625,24764.0,531.3499755859375,894.0999755859375,492.75,1219.5999755859375,697.0999755859375,2443.64990234375,798.5499877929688,560.25,3458.64990234375,15989.150390625
2022-02-07,4475.14990234375,3174.699951171875,6930.60009765625,372.45001220703125,706.5,3448.60009765625,933.2999877929688,160.9499969482422,4201.5,4309.2001953125,2601.35009765625,1712.3499755859375,715.1500244140625,1157.3499755859375,1468.1500244140625,603.25,2648.050048828125,522.5999755859375,2257.60009765625,2428.14990234375,786.4000244140625,230.1999969482422,933.0499877929688,1715.0,651.1500244140625,1828.449951171875,7469.35009765625,1884.5,829.5,1444.300048828125,8511.650390625,135.14999389648438,18072.75,172.10000610351562,3779.0,213.64999389648438,2317.10009765625,1144.0,756.5999755859375,24865.55078125,533.25,887.0499877929688,494.6000061035156,1183.0,704.7999877929688,2409.199951171875,789.5999755859375,557.0,3476.0,15711.349609375
2022-02-04,4687.89990234375,3236.64990234375,7158.39990234375,375.6499938964844,720.2000122070312,3562.0,946.0999755859375,160.39999389648438,4304.5,4351.9501953125,2631.39990234375,1735.300048828125,726.9500122070312,1163.800048828125,1524.0,624.3499755859375,2721.75,525.1500244140625,2306.60009765625,2503.25,805.0499877929688,234.3000030517578,956.0499877929688,1741.0999755859375,657.3499755859375,1884.199951171875,7439.64990234375,1947.949951171875,841.7000122070312,1448.199951171875,8550.5498046875,134.1999969482422,18331.650390625,169.60000610351562,3814.89990234375,209.6999969482422,2331.300048828125,1172.0999755859375,767.2000122070312,24724.05078125,530.2999877929688,893.9500122070312,500.6000061035156,1176.300048828125,733.7999877929688,2471.14990234375,798.5499877929688,571.75,3565.35009765625,16205.75
2022-02-03,4642.7998046875,3203.0,7110.64990234375,377.04998779296875,721.6500244140625,3562.39990234375,952.75,161.3000030517578,4262.4501953125,4374.64990234375,2670.85009765625,1732.699951171875,732.5,1156.75,1515.3499755859375,634.4000244140625,2781.5,512.6500244140625,2298.14990234375,2527.800048828125,808.9500122070312,234.4499969482422,958.3499755859375,1738.550048828125,653.1500244140625,1909.050048828125,7375.35009765625,1933.6500244140625,856.2000122070312,1454.300048828125,8593.650390625,136.64999389648438,18306.599609375,167.5,3824.60009765625,211.3000030517578,2352.75,1185.199951171875,773.5,24800.900390625,540.0999755859375,883.5499877929688,504.5,1166.5999755859375,738.0999755859375,2474.949951171875,799.5499877929688,578.25,3621.10009765625,16348.099609375
2022-02-02,4666.2998046875,3197.699951171875,7247.4501953125,382.1000061035156,725.0499877929688,3621.050048828125,951.7999877929688,163.85000610351562,4219.64990234375,4415.35009765625,2669.75,1778.0999755859375,745.2000122070312,1170.949951171875,1531.199951171875,644.1500244140625,2702.39990234375,513.9500122070312,2327.89990234375,2612.949951171875,813.75,232.14999389648438,975.3499755859375,1787.0999755859375,659.8499755859375,1942.5999755859375,7441.0,1982.699951171875,869.3499755859375,1482.949951171875,8515.25,141.14999389648438,18500.650390625,171.3000030517578,3856.199951171875,214.0,2383.550048828125,1220.0999755859375,785.9500122070312,25265.44921875,539.7999877929688,890.6500244140625,506.3999938964844,1167.5,742.4500122070312,2464.0,804.0999755859375,588.0,3535.0,16706.0
2022-02-01,4512.0498046875,3196.25,7014.60009765625,378.8500061035156,723.0499877929688,3656.60009765625,946.4000244140625,163.0500030517578,4108.35009765625,4309.4501953125,2622.199951171875,1771.3499755859375,738.75,1132.800048828125,1497.0,623.9000244140625,2726.75,511.0,2305.64990234375,2565.35009765625,810.2999877929688,227.75,922.2999877929688,1772.050048828125,654.2999877929688,1882.300048828125,7516.25,1990.5,869.7000122070312,1505.75,8559.400390625,141.14999389648438,18671.69921875,170.9499969482422,3800.64990234375,212.9499969482422,2378.699951171875,1214.949951171875,785.0,25489.650390625,532.2999877929688,891.75,504.29998779296875,1167.3499755859375,736.0999755859375,2431.800048828125,781.9000244140625,576.6500244140625,3534.449951171875,15903.849609375
2022-01-31,4457.35009765625,3152.25,7000.25,397.04998779296875,729.2999877929688,3535.300048828125,945.0,159.8000030517578,4036.10009765625,4302.7998046875,2645.5,1727.5,716.2999877929688,1099.4000244140625,1485.699951171875,622.4500122070312,2724.300048828125,489.04998779296875,2273.75,2521.0,788.7999877929688,220.1999969482422,872.0999755859375,1736.199951171875,628.9500122070312,1857.25,7216.39990234375,1909.199951171875,885.7999877929688,1479.0,8597.2998046875,142.0500030517578,18521.55078125,172.60000610351562,3736.25,215.39999389648438,2386.60009765625,1233.25,776.5,24267.099609375,538.2999877929688,834.5,517.75,1085.550048828125,727.2999877929688,2360.300048828125,773.0499877929688,572.5999755859375,3564.64990234375,15689.5498046875
2022-01-28,4478.60009765625,3110.85009765625,6867.25,382.5,715.7999877929688,3509.64990234375,932.25,161.64999389648438,3940.699951171875,4218.60009765625,2610.949951171875,1697.0,710.1500244140625,1080.449951171875,1463.25,620.4500122070312,2672.14990234375,490.3500061035156,2283.550048828125,2516.5,781.1500244140625,217.60000610351562,903.5499877929688,1686.199951171875,628.0499877929688,1898.300048828125,7109.85009765625,1897.550048828125,869.6500244140625,1410.6500244140625,8550.9501953125,140.14999389648438,18384.400390625,168.8000030517578,3690.050048828125,210.1999969482422,2335.85009765625,1205.550048828125,790.25,24124.69921875,523.4500122070312,827.3499755859375,497.29998779296875,1084.6500244140625,717.9000244140625,2315.60009765625,764.7000122070312,552.1500244140625,3497.199951171875,15198.75
2022-01-27,4292.25,3116.949951171875,6837.0,382.20001220703125,707.25,3494.14990234375,927.5999755859375,160.5500030517578,3939.85009765625,4256.35009765625,2643.85009765625,1687.050048828125,709.0999755859375,1077.75,1474.949951171875,621.5,2715.0,489.1499938964844,2295.35009765625,2503.35009765625,794.6500244140625,214.60000610351562,888.0999755859375,1678.5999755859375,626.0999755859375,1889.25,7100.7001953125,1910.8499755859375,858.0499877929688,1445.5999755859375,8820.2001953125,135.0,18385.44921875,165.6999969482422,3649.25,214.85000610351562,2338.10009765625,1211.6500244140625,771.9500122070312,23961.80078125,528.9500122070312,812.0999755859375,494.3999938964844,1088.3499755859375,705.9500122070312,2310.050048828125,773.8499755859375,544.75,3501.10009765625,15359.849609375
2022-01-25,4486.0,3147.10009765625,6963.75,382.54998779296875,711.8499755859375,3539.300048828125,905.6500244140625,161.14999389648438,4049.199951171875,4402.85009765625,2692.0,1721.300048828125,711.0999755859375,1123.699951171875,1488.050048828125,630.7999877929688,2782.050048828125,485.75,2327.25,2530.60009765625,801.6500244140625,214.3000030517578,884.25,1722.1500244140625,631.1500244140625,1854.6500244140625,7098.35009765625,1925.300048828125,854.5,1500.5999755859375,8602.599609375,135.3000030517578,18790.75,165.14999389648438,3769.89990234375,218.85000610351562,2373.25,1228.0,791.1500244140625,24497.5,514.6500244140625,808.0499877929688,490.54998779296875,1109.0999755859375,707.75,2376.5,752.2000122070312,562.7000122070312,3469.10009765625,15528.9501953125
2022-01-24,4498.14990234375,3155.14990234375,6931.75,373.1000061035156,689.9000244140625,3523.85009765625,892.0999755859375,156.3000030517578,4056.60009765625,4364.35009765625,2656.39990234375,1690.699951171875,702.4500122070312,1124.9000244140625,1486.6500244140625,627.5999755859375,2706.199951171875,478.3999938964844,2284.60009765625,2539.800048828125,798.4500122070312,211.8000030517578,851.25,1736.800048828125,621.7999877929688,1830.9000244140625,7156.0,1899.9000244140625,854.7000122070312,1513.1500244140625,8052.2998046875,132.60000610351562,18717.75,165.6999969482422,3771.35009765625,214.0,2377.89990234375,1225.0,762.5999755859375,24320.900390625,494.1499938964844,800.8499755859375,478.45001220703125,1099.199951171875,691.4500122070312,2403.050048828125,704.5999755859375,572.75,3382.300048828125,15707.150390625
2022-01-21,4691.64990234375,3274.85009765625,7373.75,381.70001220703125,695.25,3618.300048828125,867.4500122070312,158.75,4179.39990234375,4496.14990234375,2711.10009765625,1792.0999755859375,723.9000244140625,1167.949951171875,1521.5999755859375,641.4500122070312,2750.10009765625,506.70001220703125,2325.39990234375,2592.949951171875,804.5,217.0500030517578,854.0999755859375,1785.699951171875,666.25,1893.75,7357.64990234375,1956.050048828125,875.2000122070312,1593.550048828125,8189.60009765625,134.10000610351562,18974.25,163.64999389648438,3833.5,215.10000610351562,2477.85009765625,1240.6500244140625,786.9000244140625,25037.19921875,502.70001220703125,808.75,501.8500061035156,1169.699951171875,726.5499877929688,2528.14990234375,712.5,605.0499877929688,3419.800048828125,16335.2001953125
2022-01-20,4644.7998046875,3306.39990234375,7530.25,393.04998779296875,715.4000244140625,3605.14990234375,882.3499755859375,165.0500030517578,4329.75,4591.5498046875,2733.800048828125,1831.0,738.0,1175.3499755859375,1509.0,649.4500122070312,2709.449951171875,503.3999938964844,2261.800048828125,2569.300048828125,810.25,218.75,877.2000122070312,1823.699951171875,682.5,1892.5999755859375,7465.5,2003.5,880.5,1666.9000244140625,8036.35009765625,134.89999389648438,18734.099609375,166.85000610351562,3826.550048828125,214.64999389648438,2477.449951171875,1238.699951171875,808.4500122070312,26072.349609375,511.3999938964844,820.0,515.7000122070312,1206.699951171875,723.4500122070312,2564.300048828125,728.9000244140625,615.2000122070312,3308.75,17258.94921875
2022-01-19,4515.9501953125,3280.39990234375,7571.7998046875,394.3500061035156,703.7000122070312,3575.64990234375,895.6500244140625,163.89999389648438,4481.5,4684.9501953125,2718.699951171875,1806.5,744.2000122070312,1199.199951171875,1518.449951171875,656.0499877929688,2699.800048828125,504.79998779296875,2309.89990234375,2620.25,808.5999755859375,220.35000610351562,893.25,1867.050048828125,674.6500244140625,1905.6500244140625,7434.39990234375,2020.9000244140625,894.4000244140625,1670.0999755859375,8015.7001953125,134.8000030517578,18937.0,170.25,3914.64990234375,204.64999389648438,2521.60009765625,1248.0999755859375,813.25,26402.25,515.7999877929688,838.5,520.8499755859375,1209.5999755859375,717.6500244140625,2588.89990234375,729.5999755859375,621.1500244140625,3436.800048828125,18077.30078125
2022-01-18,4615.7998046875,3373.699951171875,7744.0,398.1000061035156,714.3499755859375,3621.89990234375,902.1500244140625,160.8000030517578,4527.14990234375,4693.5498046875,2736.25,1852.25,762.9500122070312,1219.75,1529.25,669.0999755859375,2692.85009765625,496.0,2369.5,2662.5,823.0999755859375,220.75,899.6500244140625,1920.75,680.2000122070312,1942.1500244140625,7555.89990234375,2022.199951171875,892.1500244140625,1660.75,7915.14990234375,135.0,19379.599609375,163.85000610351562,3990.60009765625,205.14999389648438,2521.800048828125,1265.9000244140625,799.0999755859375,27155.55078125,506.79998779296875,846.7000122070312,510.79998779296875,1194.8499755859375,731.4500122070312,2600.60009765625,725.2000122070312,633.2999877929688,3400.949951171875,18153.55078125
2022-01-17,4911.75,3378.64990234375,7852.60009765625,400.54998779296875,728.5999755859375,3665.14990234375,910.2000122070312,163.6999969482422,4630.35009765625,4672.39990234375,2844.300048828125,1918.699951171875,779.0499877929688,1258.75,1521.5,674.1500244140625,2701.5,505.95001220703125,2389.550048828125,2702.699951171875,819.2999877929688,224.60000610351562,920.5,1939.5,699.4000244140625,1937.449951171875,7870.10009765625,2069.39990234375,900.7999877929688,1722.4000244140625,8265.5,136.60000610351562,19333.19921875,165.85000610351562,4019.14990234375,206.35000610351562,2552.25,1287.949951171875,824.75,27545.349609375,514.0,853.2000122070312,525.0,1229.75,765.0999755859375,2597.550048828125,712.6500244140625,646.6500244140625,3489.75,18370.599609375
